Project,Class,FilePath,Label
JRefactory-v2.6.24,UMLNodeViewerFactory,main/data/dataset/JRefactory-v2.6.24-UMLNodeViewerFactory.java,Factory
richfaces-cdk,FacetAdapter,main/data/dataset/richfaces-cdk-FacetAdapter.java,Adapter
richfaces-cdk,PropertyAdapter,main/data/dataset/richfaces-cdk-PropertyAdapter.java,Adapter
richfaces-cdk,RendererAdapter,main/data/dataset/richfaces-cdk-RendererAdapter.java,Adapter
basiclti-portlet,WimbaAdapter,main/data/dataset/basiclti-portlet-WimbaAdapter.java,Adapter
cdt,IndexerInputAdapter,main/data/dataset/cdt-IndexerInputAdapter.java,Adapter
JRefactory-v2.6.24,SaveAdapter,main/data/dataset/JRefactory-v2.6.24-SaveAdapter.java,Adapter
JRefactory-v2.6.24,RefactoringAdapter,main/data/dataset/JRefactory-v2.6.24-RefactoringAdapter.java,Adapter
pcgen-svn,TermEvaluatorBuilderEQVar,main/data/dataset/pcgen-svn-TermEvaluatorBuilderEQVar.java,Builder
jbehave-core,PicoAnnotationBuilderBehaviour,main/data/dataset/jbehave-core-PicoAnnotationBuilderBehaviour.java,Builder
jbehave-core,SpringAnnotationBuilder,main/data/dataset/jbehave-core-SpringAnnotationBuilder.java,Builder
jbehave-core,SpringStoryReporterBuilder,main/data/dataset/jbehave-core-SpringStoryReporterBuilder.java,Builder
jamendo-android,RadioBuilder,main/data/dataset/jamendo-android-RadioBuilder.java,Builder
jamendo-android,RadioDatabaseBuilder,main/data/dataset/jamendo-android-RadioDatabaseBuilder.java,Builder
dozer,TypeMappingBuilder,main/data/dataset/dozer-TypeMappingBuilder.java,Builder
QuickUML-2001,CompositionBuilder,main/data/dataset/QuickUML-2001-CompositionBuilder.java,Builder
molgenis_apps-legacy,AuthorizableDecorator,main/data/dataset/molgenis_apps-legacy-AuthorizableDecorator.java,Decorator
jbehave-core,StepFailureDecoratorBehaviour,main/data/dataset/jbehave-core-StepFailureDecoratorBehaviour.java,Decorator
magic-config,DoubleTagDecorator,main/data/dataset/magic-config-DoubleTagDecorator.java,Decorator
cdt,UpdatePolicyDecorator,main/data/dataset/cdt-UpdatePolicyDecorator.java,Decorator
freemind,ExtendedAttributeTableModelDecorator,main/data/dataset/freemind-ExtendedAttributeTableModelDecorator.java,Decorator
molgenis_apps-legacy,TaskDecorator,main/data/dataset/molgenis_apps-legacy-TaskDecorator.java,Decorator
pcgen-svn,SpellFacadeImplem,main/data/dataset/pcgen-svn-SpellFacadeImplem.java,Facade
pcgen-svn,CharacterLevelsFacadeImpl,main/data/dataset/pcgen-svn-CharacterLevelsFacadeImpl.java,Facade
DownloadProvider,SystemFacade,main/data/dataset/DownloadProvider-SystemFacade.java,Facade
Emma,RunFacade,main/data/dataset/Emma-RunFacade.java,Facade
faban,RunFacade,main/data/dataset/faban-RunFacade.java,Facade
hivedb,DirectoryFacade,main/data/dataset/hivedb-DirectoryFacade.java,Facade
hivedb,DirectoryFacadeProvider,main/data/dataset/hivedb-DirectoryFacadeProvider.java,Facade
pcgen-svn,ManufacturableFactory,main/data/dataset/pcgen-svn-ManufacturableFactory.java,Factory
jbehave-core,GuiceStepsFactoryBehaviour,main/data/dataset/jbehave-core-GuiceStepsFactoryBehaviour.java,Factory
jbehave-core,PicoStepsFactory,main/data/dataset/jbehave-core-PicoStepsFactory.java,Factory
jbehave-core,PicoStepsFactoryBehaviour,main/data/dataset/jbehave-core-PicoStepsFactoryBehaviour.java,Factory
jbehave-core,ScalaStepsFactory,main/data/dataset/jbehave-core-ScalaStepsFactory.java,Factory
jbehave-core,SpringApplicationContextFactory,main/data/dataset/jbehave-core-SpringApplicationContextFactory.java,Factory
pcgen-svn,SpellSupportFacadeImpl,main/data/dataset/pcgen-svn-SpellSupportFacadeImpl.java,Facade
pcgen-svn,GeneralChooserFacadeBase,main/data/dataset/pcgen-svn-GeneralChooserFacadeBase.java,Facade
LimeWire-Pirate-Edition,InNetworkDownloadMemento,main/data/dataset/LimeWire-Pirate-Edition-InNetworkDownloadMemento.java,Memento
LimeWire-Pirate-Edition,GnutellaDownloadMementoImpl,main/data/dataset/LimeWire-Pirate-Edition-GnutellaDownloadMementoImpl.java,Memento
prevayler,MementoManagerCommand,main/data/dataset/prevayler-MementoManagerCommand.java,Memento
Pydev,DialogMemento,main/data/dataset/Pydev-DialogMemento.java,Memento
jbehave-core,AnnotatedEmbedderUsingPico,main/data/dataset/jbehave-core-AnnotatedEmbedderUsingPico.java,None
jbehave-core,AnnotatedEmbedderUsingPicoAndSteps,main/data/dataset/jbehave-core-AnnotatedEmbedderUsingPicoAndSteps.java,None
jbehave-core,ParentAnnotatedEmbedderUsingPico,main/data/dataset/jbehave-core-ParentAnnotatedEmbedderUsingPico.java,None
jbehave-core,AnnotatedEmbedderUsingSpring,main/data/dataset/jbehave-core-AnnotatedEmbedderUsingSpring.java,None
jbehave-core,AnnotatedEmbedderUsingSpringAndSteps,main/data/dataset/jbehave-core-AnnotatedEmbedderUsingSpringAndSteps.java,None
jbehave-core,AnnotatedEmbedderUsingSpringNamespace,main/data/dataset/jbehave-core-AnnotatedEmbedderUsingSpringNamespace.java,None
jbehave-core,InheritingAnnotatedEmbedderUsingSteps,main/data/dataset/jbehave-core-InheritingAnnotatedEmbedderUsingSteps.java,None
jbehave-core,SpringAnnotationConfiguration,main/data/dataset/jbehave-core-SpringAnnotationConfiguration.java,None
ChenSun,MysqlConnectionPoolDataSource,main/data/dataset/ChenSun-MysqlConnectionPoolDataSource.java,None
ChenSun,MysqlDataSource,main/data/dataset/ChenSun-MysqlDataSource.java,None
ChenSun,MysqlXAConnection,main/data/dataset/ChenSun-MysqlXAConnection.java,None
ChenSun,MysqlXADataSource,main/data/dataset/ChenSun-MysqlXADataSource.java,None
ChenSun,MysqlXAException,main/data/dataset/ChenSun-MysqlXAException.java,None
cxf,AbstractFaultChainInitiatorObserver,main/data/dataset/cxf-AbstractFaultChainInitiatorObserver.java,Observer
cxf,ClientOutFaultObserver,main/data/dataset/cxf-ClientOutFaultObserver.java,Observer
Dual-Battery-Widget,BillingObserver,main/data/dataset/Dual-Battery-Widget-BillingObserver.java,Observer
fop,ElementListObserver,main/data/dataset/fop-ElementListObserver.java,Observer
fop,LoggingElementListObserver,main/data/dataset/fop-LoggingElementListObserver.java,Observer
osate2-core,SystemPrototypeImpl,main/data/dataset/osate2-core-SystemPrototypeImpl.java,Prototype
osate2-core,ThreadGroupPrototypeImpl,main/data/dataset/osate2-core-ThreadGroupPrototypeImpl.java,Prototype
osate2-core,ThreadPrototypeImpl,main/data/dataset/osate2-core-ThreadPrototypeImpl.java,Prototype
osate2-core,VirtualBusPrototypeImpl,main/data/dataset/osate2-core-VirtualBusPrototypeImpl.java,Prototype
osate2-core,VirtualProcessorPrototypeImpl,main/data/dataset/osate2-core-VirtualProcessorPrototypeImpl.java,Prototype
gansenbang,PrototypeWrapper,main/data/dataset/gansenbang-PrototypeWrapper.java,Prototype
helma,Prototype,main/data/dataset/helma-Prototype.java,Prototype
IDV,PrototypeManager,main/data/dataset/IDV-PrototypeManager.java,Prototype
harmony-classlib,EventListenerProxy,main/data/dataset/harmony-classlib-EventListenerProxy.java,Proxy
harmony-classlib,ActionProxy,main/data/dataset/harmony-classlib-ActionProxy.java,Proxy
harmony-classlib,Support_Proxy_I1,main/data/dataset/harmony-classlib-Support_Proxy_I1.java,Proxy
harmony-classlib,Support_Proxy_I2,main/data/dataset/harmony-classlib-Support_Proxy_I2.java,Proxy
james,MimeMessageCopyOnWriteProxy,main/data/dataset/james-MimeMessageCopyOnWriteProxy.java,Proxy
java-design-patterns,WizardTowerProxy,main/data/dataset/java-design-patterns-WizardTowerProxy.java,Proxy
javassist,ProxyFactory,main/data/dataset/javassist-ProxyFactory.java,Proxy
javassist,ProxyObject,main/data/dataset/javassist-ProxyObject.java,Proxy
BuildCraft,FactoryProxyClient,main/data/dataset/BuildCraft-FactoryProxyClient.java,Proxy
BuildCraft,SiliconProxy,main/data/dataset/BuildCraft-SiliconProxy.java,Proxy
BuildCraft,SiliconProxyClient,main/data/dataset/BuildCraft-SiliconProxyClient.java,Proxy
BuildCraft,TransportProxy,main/data/dataset/BuildCraft-TransportProxy.java,Proxy
openejb,SingletonContext,main/data/dataset/openejb-SingletonContext.java,Singleton
AllBinary-Platform,SmallIntegerSingletonFactory,main/data/dataset/AllBinary-Platform-SmallIntegerSingletonFactory.java,Singleton
AllBinary-Platform,DisplayInfoSingleton,main/data/dataset/AllBinary-Platform-DisplayInfoSingleton.java,Singleton
AllBinary-Platform,ConstrainedMotionRectanglesResultsCacheSingleton,main/data/dataset/AllBinary-Platform-ConstrainedMotionRectanglesResultsCacheSingleton.java,Singleton
AllBinary-Platform,BufferedImagePoolSingleton,main/data/dataset/AllBinary-Platform-BufferedImagePoolSingleton.java,Singleton
android-rackspacecloud,ApacheHCHttpCommandExecutorServiceModule,main/data/dataset/android-rackspacecloud-ApacheHCHttpCommandExecutorServiceModule.java,Singleton
android-rackspacecloud,NioTransformingHttpCommandExecutorServiceModule,main/data/dataset/android-rackspacecloud-NioTransformingHttpCommandExecutorServiceModule.java,Singleton
cdt,IModelVisitor,main/data/dataset/cdt-IModelVisitor.java,Visitor
cxf,ModuleVisitor,main/data/dataset/cxf-ModuleVisitor.java,Visitor
cxf,ExceptionVisitor,main/data/dataset/cxf-ExceptionVisitor.java,Visitor
cxf,OperationVisitor,main/data/dataset/cxf-OperationVisitor.java,Visitor
openllet,NumericComparisonVisitor,main/data/dataset/openllet-NumericComparisonVisitor.java,Visitor
pellet,OWLDeepEntityVisitorAdapter,main/data/dataset/pellet-OWLDeepEntityVisitorAdapter.java,Visitor
pellet,DefaultAtomObjectVisitor,main/data/dataset/pellet-DefaultAtomObjectVisitor.java,Visitor
cxf,BookWrapper,main/data/dataset/cxf-BookWrapper.java,Wrapper
cxf,RequestWrapper,main/data/dataset/cxf-RequestWrapper.java,Wrapper
cxf,ResponseWrapper,main/data/dataset/cxf-ResponseWrapper.java,Wrapper
cdo,IStreamWrapper,main/data/dataset/cdo-IStreamWrapper.java,Wrapper
cdo,XORStreamWrapper,main/data/dataset/cdo-XORStreamWrapper.java,Wrapper
richfaces-cdk,ValidatorAdapter,main/data/dataset/richfaces-cdk-ValidatorAdapter.java,Adapter
SWE12-Drone,PrototypeBrickAdapter,main/data/dataset/SWE12-Drone-PrototypeBrickAdapter.java,Adapter
cdt,DocumentAdapter,main/data/dataset/cdt-DocumentAdapter.java,Adapter
cdt,IListAdapter,main/data/dataset/cdt-IListAdapter.java,Adapter
ChenSun,ReflectiveStatementInterceptorAdapter,main/data/dataset/ChenSun-ReflectiveStatementInterceptorAdapter.java,Adapter
jamendo-android,ArtistBuilder,main/data/dataset/jamendo-android-ArtistBuilder.java,Builder
jamendo-android,LicenseBuilder,main/data/dataset/jamendo-android-LicenseBuilder.java,Builder
dozer,BeanMappingBuilder,main/data/dataset/dozer-BeanMappingBuilder.java,Builder
dozer,ClassMapBuilder,main/data/dataset/dozer-ClassMapBuilder.java,Builder
fafdtibb,FastNodeBuilderFactory,main/data/dataset/fafdtibb-FastNodeBuilderFactory.java,Builder
wayback,ReplayRendererDecorator,main/data/dataset/wayback-ReplayRendererDecorator.java,Decorator
wayback,ReplayRendererDecoratorFactory,main/data/dataset/wayback-ReplayRendererDecoratorFactory.java,Decorator
infinitest,EclipseFacade,main/data/dataset/infinitest-EclipseFacade.java,Facade
jbehave-core,SpringStepsFactoryBehaviour,main/data/dataset/jbehave-core-SpringStepsFactoryBehaviour.java,Factory
jbehave-core,WeldStepsFactory,main/data/dataset/jbehave-core-WeldStepsFactory.java,Factory
jcr-benchmark,EXOJCRStandaloneInitializer,main/data/dataset/jcr-benchmark-EXOJCRStandaloneInitializer.java,Factory
ChenSun,NamedPipeSocketFactory,main/data/dataset/ChenSun-NamedPipeSocketFactory.java,Factory
jbehave-core,AnnotatedEmbedderUsingGuiceAndSteps,main/data/dataset/jbehave-core-AnnotatedEmbedderUsingGuiceAndSteps.java,None
ChenSun,MysqlXid,main/data/dataset/ChenSun-MysqlXid.java,None
ChenSun,SocialNetworkDBAThread,main/data/dataset/ChenSun-SocialNetworkDBAThread.java,None
ChenSun,SocialNetworkNavigation,main/data/dataset/ChenSun-SocialNetworkNavigation.java,None
jbehave-core,AuthenticationSteps,main/data/dataset/jbehave-core-AuthenticationSteps.java,None
jbehave-core,DbUnitSteps,main/data/dataset/jbehave-core-DbUnitSteps.java,None
frostwire-desktop,MouseObserver,main/data/dataset/frostwire-desktop-MouseObserver.java,Observer
java-design-patterns,Prototype,main/data/dataset/java-design-patterns-Prototype.java,Prototype
kahlua2,Prototype,main/data/dataset/kahlua2-Prototype.java,Prototype
cdt,AbstractCExtensionProxy,main/data/dataset/cdt-AbstractCExtensionProxy.java,Proxy
cdt,CDataProxy,main/data/dataset/cdt-CDataProxy.java,Proxy
openejb,SingletonContainerBuilder,main/data/dataset/openejb-SingletonContainerBuilder.java,Singleton
openejb,SingletonContainer,main/data/dataset/openejb-SingletonContainer.java,Singleton
android-rackspacecloud,NioTransformingHttpCommandExecutorServiceModule,main/data/dataset/android-rackspacecloud-NioTransformingHttpCommandExecutorServiceModule.java,Singleton
android-rackspacecloud,ConnectionPoolCommandExecutorServiceModule,main/data/dataset/android-rackspacecloud-ConnectionPoolCommandExecutorServiceModule.java,Singleton
CIDE,ScreenSingleton,main/data/dataset/CIDE-ScreenSingleton.java,Singleton
pellet,DefaultRuleAtomVisitor,main/data/dataset/pellet-DefaultRuleAtomVisitor.java,Visitor
richfaces-cdk,Visitor,main/data/dataset/richfaces-cdk-Visitor.java,Visitor
richfaces-cdk,SimpleVisitor,main/data/dataset/richfaces-cdk-SimpleVisitor.java,Visitor
cdt,CStructureCreatorVisitor,main/data/dataset/cdt-CStructureCreatorVisitor.java,Visitor
cdt,ReferenceVisitor,main/data/dataset/cdt-ReferenceVisitor.java,Visitor
cruisecontrol,ProjectWrapper,main/data/dataset/cruisecontrol-ProjectWrapper.java,Wrapper
cxf,BasicTypeFunctionReturnStringWrapper,main/data/dataset/cxf-BasicTypeFunctionReturnStringWrapper.java,Wrapper
cxf,StringWrapper,main/data/dataset/cxf-StringWrapper.java,Wrapper
cxf,TokenWrapper,main/data/dataset/cxf-TokenWrapper.java,Wrapper
ant,TypeAdapter,main/data/dataset/ant-TypeAdapter.java,Adapter
ant,TaskAdapter,main/data/dataset/ant-TaskAdapter.java,Adapter
basiclti-portlet,AbstractAdapter,main/data/dataset/basiclti-portlet-AbstractAdapter.java,Adapter
basiclti-portlet,ChemvantageAdapter,main/data/dataset/basiclti-portlet-ChemvantageAdapter.java,Adapter
basiclti-portlet,IBasicLTIAdapter,main/data/dataset/basiclti-portlet-IBasicLTIAdapter.java,Adapter
basiclti-portlet,NoteflightAdapter,main/data/dataset/basiclti-portlet-NoteflightAdapter.java,Adapter
basiclti-portlet,PeoplesoftAdapter,main/data/dataset/basiclti-portlet-PeoplesoftAdapter.java,Adapter
basiclti-portlet,SakaiAdapter,main/data/dataset/basiclti-portlet-SakaiAdapter.java,Adapter
basiclti-portlet,StandardAdapter,main/data/dataset/basiclti-portlet-StandardAdapter.java,Adapter
ccw,ClojureLineBreakpointAdapter,main/data/dataset/ccw-ClojureLineBreakpointAdapter.java,Adapter
cdt,TextViewerDragAdapter,main/data/dataset/cdt-TextViewerDragAdapter.java,Adapter
cdt,DelegatingDropAdapter,main/data/dataset/cdt-DelegatingDropAdapter.java,Adapter
cdt,CodeReaderAdapter,main/data/dataset/cdt-CodeReaderAdapter.java,Adapter
cdt,PDOMASTAdapter,main/data/dataset/cdt-PDOMASTAdapter.java,Adapter
cdt,LocationAdapter,main/data/dataset/cdt-LocationAdapter.java,Adapter
cdt,BinaryObjectAdapter,main/data/dataset/cdt-BinaryObjectAdapter.java,Adapter
cdt,WorkbenchRunnableAdapter,main/data/dataset/cdt-WorkbenchRunnableAdapter.java,Adapter
cdt,MultiBuildConsoleAdapter,main/data/dataset/cdt-MultiBuildConsoleAdapter.java,Adapter
cdt,CWorkbenchAdapter,main/data/dataset/cdt-CWorkbenchAdapter.java,Adapter
cdt,DeferredCWorkbenchAdapter,main/data/dataset/cdt-DeferredCWorkbenchAdapter.java,Adapter
cdt,BasicSelectionTransferDragAdapter,main/data/dataset/cdt-BasicSelectionTransferDragAdapter.java,Adapter
cdt,CDTViewerDragAdapter,main/data/dataset/cdt-CDTViewerDragAdapter.java,Adapter
cdt,CDTViewerDropAdapter,main/data/dataset/cdt-CDTViewerDropAdapter.java,Adapter
cdt,DelegatingDragAdapter,main/data/dataset/cdt-DelegatingDragAdapter.java,Adapter
ChenSun,V1toV2StatementInterceptorAdapter,main/data/dataset/ChenSun-V1toV2StatementInterceptorAdapter.java,Adapter
cw-omnibus,ContentsAdapter,main/data/dataset/cw-omnibus-ContentsAdapter.java,Adapter
DownloadProvider,DateSortedDownloadAdapter,main/data/dataset/DownloadProvider-DateSortedDownloadAdapter.java,Adapter
DownloadProvider,DateSortedExpandableListAdapter,main/data/dataset/DownloadProvider-DateSortedExpandableListAdapter.java,Adapter
DownloadProvider,DownloadAdapter,main/data/dataset/DownloadProvider-DownloadAdapter.java,Adapter
Dual-Battery-Widget,IntentReceiver,main/data/dataset/Dual-Battery-Widget-IntentReceiver.java,Adapter
Dual-Battery-Widget,BatteryLevelAdapter,main/data/dataset/Dual-Battery-Widget-BatteryLevelAdapter.java,Adapter
freemind,HookAdapter,main/data/dataset/freemind-HookAdapter.java,Adapter
Generic-Graph-View,InstancemodelAdapterFactory,main/data/dataset/Generic-Graph-View-InstancemodelAdapterFactory.java,Adapter
gson,ProtoTypeAdapter,main/data/dataset/gson-ProtoTypeAdapter.java,Adapter
HunApkNotifier,HunApkListAdapter,main/data/dataset/HunApkNotifier-HunApkListAdapter.java,Adapter
java-design-patterns,FishingBoatAdapter,main/data/dataset/java-design-patterns-FishingBoatAdapter.java,Adapter
pcgen-svn,PopupMouseAdapter,main/data/dataset/pcgen-svn-PopupMouseAdapter.java,Adapter
pcgen-svn,ListDataAdapter,main/data/dataset/pcgen-svn-ListDataAdapter.java,Adapter
pcgen-svn,TreeTableModelAdapter,main/data/dataset/pcgen-svn-TreeTableModelAdapter.java,Adapter
platform_frameworks_base,AnimatorListenerAdapter,main/data/dataset/platform_frameworks_base-AnimatorListenerAdapter.java,Adapter
richfaces-cdk,NormalizedStringAdapter,main/data/dataset/richfaces-cdk-NormalizedStringAdapter.java,Adapter
richfaces-cdk,AdapterBase,main/data/dataset/richfaces-cdk-AdapterBase.java,Adapter
richfaces-cdk,AttributeAdapter,main/data/dataset/richfaces-cdk-AttributeAdapter.java,Adapter
richfaces-cdk,BehaviorAdapter,main/data/dataset/richfaces-cdk-BehaviorAdapter.java,Adapter
richfaces-cdk,BehaviorRendererAdapter,main/data/dataset/richfaces-cdk-BehaviorRendererAdapter.java,Adapter
richfaces-cdk,ClassAdapter,main/data/dataset/richfaces-cdk-ClassAdapter.java,Adapter
richfaces-cdk,ComponentAdapter,main/data/dataset/richfaces-cdk-ComponentAdapter.java,Adapter
richfaces-cdk,ConverterAdapter,main/data/dataset/richfaces-cdk-ConverterAdapter.java,Adapter
richfaces-cdk,ElementAdapterBase,main/data/dataset/richfaces-cdk-ElementAdapterBase.java,Adapter
richfaces-cdk,EventAdapter,main/data/dataset/richfaces-cdk-EventAdapter.java,Adapter
teiid-designer,SearchRuntimeAdapter,main/data/dataset/teiid-designer-SearchRuntimeAdapter.java,Adapter
teiid-designer,CustomDiagramActionAdapter,main/data/dataset/teiid-designer-CustomDiagramActionAdapter.java,Adapter
wayback,BDBRecordToSearchResultAdapter,main/data/dataset/wayback-BDBRecordToSearchResultAdapter.java,Adapter
wayback,CDXFormatToSearchResultAdapter,main/data/dataset/wayback-CDXFormatToSearchResultAdapter.java,Adapter
wayback,Adapter,main/data/dataset/wayback-Adapter.java,Adapter
WhartonEventScheduler,EventListCursorAdapter,main/data/dataset/WhartonEventScheduler-EventListCursorAdapter.java,Adapter
WhartonEventScheduler,PeopleCursorAdapter,main/data/dataset/WhartonEventScheduler-PeopleCursorAdapter.java,Adapter
JRefactory-v2.6.24,SignatureUpdateAdapter,main/data/dataset/JRefactory-v2.6.24-SignatureUpdateAdapter.java,Adapter
JRefactory-v2.6.24,PrintSetupAdapter,main/data/dataset/JRefactory-v2.6.24-PrintSetupAdapter.java,Adapter
JRefactory-v2.6.24,PrintAdapter,main/data/dataset/JRefactory-v2.6.24-PrintAdapter.java,Adapter
JRefactory-v2.6.24,LineMouseAdapter,main/data/dataset/JRefactory-v2.6.24-LineMouseAdapter.java,Adapter
JRefactory-v2.6.24,DragPanelAdapter,main/data/dataset/JRefactory-v2.6.24-DragPanelAdapter.java,Adapter
JRefactory-v2.6.24,JPGFileAction,main/data/dataset/JRefactory-v2.6.24-JPGFileAction.java,Adapter
JRefactory-v2.6.24,UndoAdapter,main/data/dataset/JRefactory-v2.6.24-UndoAdapter.java,Adapter
JRefactory-v2.6.24,SourceBrowserAdapter,main/data/dataset/JRefactory-v2.6.24-SourceBrowserAdapter.java,Adapter
JRefactory-v2.6.24,JumpToTypeAdapter,main/data/dataset/JRefactory-v2.6.24-JumpToTypeAdapter.java,Adapter
JRefactory-v2.6.24,ZoomAdapter,main/data/dataset/JRefactory-v2.6.24-ZoomAdapter.java,Adapter
JRefactory-v2.6.24,ReloadActionAdapter,main/data/dataset/JRefactory-v2.6.24-ReloadActionAdapter.java,Adapter
JRefactory-v2.6.24,MoveItemAdapter,main/data/dataset/JRefactory-v2.6.24-MoveItemAdapter.java,Adapter
Netbeans-v1.0.x,NodeAdapter,main/data/dataset/Netbeans-v1.0.x-NodeAdapter.java,Adapter
Netbeans-v1.0.x,OperationAdapter,main/data/dataset/Netbeans-v1.0.x-OperationAdapter.java,Adapter
Netbeans-v1.0.x,FormAdapter,main/data/dataset/Netbeans-v1.0.x-FormAdapter.java,Adapter
Netbeans-v1.0.x,SpinButtonAdapter,main/data/dataset/Netbeans-v1.0.x-SpinButtonAdapter.java,Adapter
biojava-legacy,BioSQLRichObjectBuilder,main/data/dataset/biojava-legacy-BioSQLRichObjectBuilder.java,Builder
biojava-legacy,SearchBuilder,main/data/dataset/biojava-legacy-SearchBuilder.java,Builder
biojava-legacy,SequenceBuilder,main/data/dataset/biojava-legacy-SequenceBuilder.java,Builder
biojava-legacy,SimpleAssemblyBuilder,main/data/dataset/biojava-legacy-SimpleAssemblyBuilder.java,Builder
ccw,ClojureBuilder,main/data/dataset/ccw-ClojureBuilder.java,Builder
ccw,LeiningenBuilder,main/data/dataset/ccw-LeiningenBuilder.java,Builder
cdt,AutotoolsConfigurationBuilder,main/data/dataset/cdt-AutotoolsConfigurationBuilder.java,Builder
cdt,AsmModelBuilder,main/data/dataset/cdt-AsmModelBuilder.java,Builder
cdt,CElementDeltaBuilder,main/data/dataset/cdt-CElementDeltaBuilder.java,Builder
cdt,CModelBuilder2,main/data/dataset/cdt-CModelBuilder2.java,Builder
cdt,ACBuilder,main/data/dataset/cdt-ACBuilder.java,Builder
cdt,CodanBuilder,main/data/dataset/cdt-CodanBuilder.java,Builder
cdt,ControlFlowGraphBuilder,main/data/dataset/cdt-ControlFlowGraphBuilder.java,Builder
coala,CDABuilder,main/data/dataset/coala-CDABuilder.java,Builder
coala,DocumentEntryBuilder,main/data/dataset/coala-DocumentEntryBuilder.java,Builder
coala,PdqMessageBuilderImpl,main/data/dataset/coala-PdqMessageBuilderImpl.java,Builder
coala,PdqRouteBuilder,main/data/dataset/coala-PdqRouteBuilder.java,Builder
cruisecontrol,Builder,main/data/dataset/cruisecontrol-Builder.java,Builder
cruisecontrol,PhingBuilder,main/data/dataset/cruisecontrol-PhingBuilder.java,Builder
cruisecontrol,RakeBuilder,main/data/dataset/cruisecontrol-RakeBuilder.java,Builder
cruisecontrol,ExecBuilder,main/data/dataset/cruisecontrol-ExecBuilder.java,Builder
cruisecontrol,NantBuilder,main/data/dataset/cruisecontrol-NantBuilder.java,Builder
cruisecontrol,CompositeBuilder,main/data/dataset/cruisecontrol-CompositeBuilder.java,Builder
cruisecontrol,XcodeBuilder,main/data/dataset/cruisecontrol-XcodeBuilder.java,Builder
cruisecontrol,Maven2Builder,main/data/dataset/cruisecontrol-Maven2Builder.java,Builder
cxf,JAXWSDefinitionBuilder,main/data/dataset/cxf-JAXWSDefinitionBuilder.java,Builder
cxf,ServiceWSDLBuilder,main/data/dataset/cxf-ServiceWSDLBuilder.java,Builder
cxf,StaxBuilder,main/data/dataset/cxf-StaxBuilder.java,Builder
cxf,MTOMAssertionBuilder,main/data/dataset/cxf-MTOMAssertionBuilder.java,Builder
cxf,EndpointReferenceDomainExpressionBuilder,main/data/dataset/cxf-EndpointReferenceDomainExpressionBuilder.java,Builder
cxf,JaxbAssertionBuilder,main/data/dataset/cxf-JaxbAssertionBuilder.java,Builder
cxf,AddressingAssertionBuilder,main/data/dataset/cxf-AddressingAssertionBuilder.java,Builder
cxf,ResponseBuilderImpl,main/data/dataset/cxf-ResponseBuilderImpl.java,Builder
dozer,DozerBuilder,main/data/dataset/dozer-DozerBuilder.java,Builder
fafdtibb,FuriousNodeBuilderFactory,main/data/dataset/fafdtibb-FuriousNodeBuilderFactory.java,Builder
fafdtibb,MapperTreeBuilder,main/data/dataset/fafdtibb-MapperTreeBuilder.java,Builder
fafdtibb,LimitModeTreeBuilderFactory,main/data/dataset/fafdtibb-LimitModeTreeBuilderFactory.java,Builder
fafdtibb,NodeBuilderFurious,main/data/dataset/fafdtibb-NodeBuilderFurious.java,Builder
geotoolkit-pending,RandomStyleBuilder,main/data/dataset/geotoolkit-pending-RandomStyleBuilder.java,Builder
hazelcast-cluster-monitor,QueuePageBuilder,main/data/dataset/hazelcast-cluster-monitor-QueuePageBuilder.java,Builder
hazelcast-cluster-monitor,MapPageBuilder,main/data/dataset/hazelcast-cluster-monitor-MapPageBuilder.java,Builder
hivedb,SingletonHiveSessionFactoryBuilder,main/data/dataset/hivedb-SingletonHiveSessionFactoryBuilder.java,Builder
jamendo-android,DownloadJobBuilder,main/data/dataset/jamendo-android-DownloadJobBuilder.java,Builder
jamendo-android,ReviewBuilder,main/data/dataset/jamendo-android-ReviewBuilder.java,Builder
jamendo-android,AlbumBuilder,main/data/dataset/jamendo-android-AlbumBuilder.java,Builder
jamendo-android,PlaylistBuilder,main/data/dataset/jamendo-android-PlaylistBuilder.java,Builder
jamendo-android,TrackBuilder,main/data/dataset/jamendo-android-TrackBuilder.java,Builder
jamendo-android,AlbumDatabaseBuilder,main/data/dataset/jamendo-android-AlbumDatabaseBuilder.java,Builder
jamendo-android,TrackDatabaseBuilder,main/data/dataset/jamendo-android-TrackDatabaseBuilder.java,Builder
jbehave-core,AuthenticationPolicyBuilder,main/data/dataset/jbehave-core-AuthenticationPolicyBuilder.java,Builder
jbehave-core,UserBuilder,main/data/dataset/jbehave-core-UserBuilder.java,Builder
jbehave-core,AnnotationBuilder,main/data/dataset/jbehave-core-AnnotationBuilder.java,Builder
jbehave-core,StoryReporterBuilder,main/data/dataset/jbehave-core-StoryReporterBuilder.java,Builder
jbehave-core,PatternVariantBuilder,main/data/dataset/jbehave-core-PatternVariantBuilder.java,Builder
jbehave-core,GroovyAnnotationBuilder,main/data/dataset/jbehave-core-GroovyAnnotationBuilder.java,Builder
jbehave-core,GroovyAnnotationBuilderBehaviour,main/data/dataset/jbehave-core-GroovyAnnotationBuilderBehaviour.java,Builder
jbehave-core,GuiceAnnotationBuilder,main/data/dataset/jbehave-core-GuiceAnnotationBuilder.java,Builder
jbehave-core,PicoAnnotationBuilder,main/data/dataset/jbehave-core-PicoAnnotationBuilder.java,Builder
maven,DefaultModelBuilder,main/data/dataset/maven-DefaultModelBuilder.java,Builder
maven,DefaultSettingsBuilder,main/data/dataset/maven-DefaultSettingsBuilder.java,Builder
maven,LifecycleWeaveBuilder,main/data/dataset/maven-LifecycleWeaveBuilder.java,Builder
maven,DefaultToolchainsBuilder,main/data/dataset/maven-DefaultToolchainsBuilder.java,Builder
maven,MavenSettingsBuilder,main/data/dataset/maven-MavenSettingsBuilder.java,Builder
maven,DefaultProjectBuilder,main/data/dataset/maven-DefaultProjectBuilder.java,Builder
mongkie,EnrichmentBuilder,main/data/dataset/mongkie-EnrichmentBuilder.java,Builder
openllet,ELTaxonomyBuilder,main/data/dataset/openllet-ELTaxonomyBuilder.java,Builder
pcgen-svn,TermEvaluatorBuilderPCStat,main/data/dataset/pcgen-svn-TermEvaluatorBuilderPCStat.java,Builder
pcgen-svn,TermEvaluatorBuilderPCVar,main/data/dataset/pcgen-svn-TermEvaluatorBuilderPCVar.java,Builder
pcgen-svn,EqBuilder,main/data/dataset/pcgen-svn-EqBuilder.java,Builder
pellet,FSMBuilder,main/data/dataset/pellet-FSMBuilder.java,Builder
pellet,GenericTaxonomyBuilder,main/data/dataset/pellet-GenericTaxonomyBuilder.java,Builder
richfaces-cdk,AptBuilder,main/data/dataset/richfaces-cdk-AptBuilder.java,Builder
richfaces-cdk,LibraryBuilder,main/data/dataset/richfaces-cdk-LibraryBuilder.java,Builder
richfaces-cdk,ModelBuilder,main/data/dataset/richfaces-cdk-ModelBuilder.java,Builder
soapui,EmptyPanelBuilder,main/data/dataset/soapui-EmptyPanelBuilder.java,Builder
soapui,RestRequestPanelBuilder,main/data/dataset/soapui-RestRequestPanelBuilder.java,Builder
soapui,RestMethodPanelBuilder,main/data/dataset/soapui-RestMethodPanelBuilder.java,Builder
teiid-designer,VdbModelBuilder,main/data/dataset/teiid-designer-VdbModelBuilder.java,Builder
UK-Ejemplos,ObserverBuilder,main/data/dataset/UK-Ejemplos-ObserverBuilder.java,Builder
QuickUML-2001,CompositionBuilder,main/data/dataset/QuickUML-2001-CompositionBuilder.java,Builder
QuickUML-2001,ClassBuilder,main/data/dataset/QuickUML-2001-ClassBuilder.java,Builder
QuickUML-2001,AssociationBuilder,main/data/dataset/QuickUML-2001-AssociationBuilder.java,Builder
QuickUML-2001,CodeBuilder,main/data/dataset/QuickUML-2001-CodeBuilder.java,Builder
QuickUML-2001,RealizationBuilder,main/data/dataset/QuickUML-2001-RealizationBuilder.java,Builder
QuickUML-2001,JavaBuilder,main/data/dataset/QuickUML-2001-JavaBuilder.java,Builder
QuickUML-2001,CPlusPlusBuilder,main/data/dataset/QuickUML-2001-CPlusPlusBuilder.java,Builder
QuickUML-2001,InheritanceBuilder,main/data/dataset/QuickUML-2001-InheritanceBuilder.java,Builder
Lexi-v0.1.1,alpha-Editor,main/data/dataset/Lexi-v0.1.1-alpha-Editor.java,Builder
JRefactory-v2.6.24,EMBuilder,main/data/dataset/JRefactory-v2.6.24-EMBuilder.java,Builder
JRefactory-v2.6.24,MenuBuilder,main/data/dataset/JRefactory-v2.6.24-MenuBuilder.java,Builder
junit5,IgnoringRunnerDecorator,main/data/dataset/junit5-IgnoringRunnerDecorator.java,Decorator
junit5,RunnerDecorator,main/data/dataset/junit5-RunnerDecorator.java,Decorator
jhotdraw,AnimationDecorato,main/data/dataset/jhotdraw-AnimationDecorator.java,Decorator
ant,ResourceDecorator,main/data/dataset/ant-ResourceDecorator.java,Decorator
cdt,BuildConsoleStreamDecorator,main/data/dataset/cdt-BuildConsoleStreamDecorator.java,Decorator
cdt,CNavigatorProblemsLabelDecorator,main/data/dataset/cdt-CNavigatorProblemsLabelDecorator.java,Decorator
cdt,ExcludedFileDecorator,main/data/dataset/cdt-ExcludedFileDecorator.java,Decorator
cdt,IncludeFolderDecorator,main/data/dataset/cdt-IncludeFolderDecorator.java,Decorator
cruisecontrol,LogFileSetupDecorator,main/data/dataset/cruisecontrol-LogFileSetupDecorator.java,Decorator
freemind,ConditionNotSatisfiedDecorator,main/data/dataset/freemind-ConditionNotSatisfiedDecorator.java,Decorator
freemind,AttributeTableModelDecoratorAdapter,main/data/dataset/freemind-AttributeTableModelDecoratorAdapter.java,Decorator
fuzzydb,Decorator,main/data/dataset/fuzzydb-Decorator.java,Decorator
fuzzydb,DateDecorator,main/data/dataset/fuzzydb-DateDecorator.java,Decorator
fuzzydb,AgeDecorator,main/data/dataset/fuzzydb-AgeDecorator.java,Decorator
Get-Another-Label,DatumDecorator,main/data/dataset/Get-Another-Label-DatumDecorator.java,Decorator
Get-Another-Label,DawidSkeneDecorator,main/data/dataset/Get-Another-Label-DawidSkeneDecorator.java,Decorator
Get-Another-Label,Decorator,main/data/dataset/Get-Another-Label-Decorator.java,Decorator
Get-Another-Label,WorkerDecorator,main/data/dataset/Get-Another-Label-WorkerDecorator.java,Decorator
jbehave-core,EmbedderMonitorDecorator,main/data/dataset/jbehave-core-EmbedderMonitorDecorator.java,Decorator
magic-config,TagDecorator,main/data/dataset/magic-config-TagDecorator.java,Decorator
magic-config,TripleTagDecorator,main/data/dataset/magic-config-TripleTagDecorator.java,Decorator
magic-config,DecoratorFactory,main/data/dataset/magic-config-DecoratorFactory.java,Decorator
magic-config,DecoratorFactoryImpl,main/data/dataset/magic-config-DecoratorFactoryImpl.java,Decorator
molgenis_apps-legacy,BiobankDecorator,main/data/dataset/molgenis_apps-legacy-BiobankDecorator.java,Decorator
molgenis_apps-legacy,DBIndexUpdateDecorator,main/data/dataset/molgenis_apps-legacy-DBIndexUpdateDecorator.java,Decorator
molgenis_apps-legacy,FlowcellDecorator,main/data/dataset/molgenis_apps-legacy-FlowcellDecorator.java,Decorator
molgenis_apps-legacy,LibraryLaneDecorator,main/data/dataset/molgenis_apps-legacy-LibraryLaneDecorator.java,Decorator
molgenis_apps-legacy,MolgenisUserDecorator,main/data/dataset/molgenis_apps-legacy-MolgenisUserDecorator.java,Decorator
molgenis_apps-legacy,DataDecorator,main/data/dataset/molgenis_apps-legacy-DataDecorator.java,Decorator
molgenis_apps-legacy,MeasurementDecorator,main/data/dataset/molgenis_apps-legacy-MeasurementDecorator.java,Decorator
molgenis_apps-legacy,MolgenisFileDecorator,main/data/dataset/molgenis_apps-legacy-MolgenisFileDecorator.java,Decorator
molgenis_apps-legacy,NameableDecorator,main/data/dataset/molgenis_apps-legacy-NameableDecorator.java,Decorator
mongkie,DecoratorItem,main/data/dataset/mongkie-DecoratorItem.java,Decorator
mongkie,TableDecoratorItem,main/data/dataset/mongkie-TableDecoratorItem.java,Decorator
mongkie,SimpleDefaultDecorator,main/data/dataset/mongkie-SimpleDefaultDecorator.java,Decorator
mongkie,DecoratorLayout,main/data/dataset/mongkie-DecoratorLayout.java,Decorator
mongkie,DecoratorLabelRenderer,main/data/dataset/mongkie-DecoratorLabelRenderer.java,Decorator
orion.server,GitFileDecorator,main/data/dataset/orion.server-GitFileDecorator.java,Decorator
pcgen-svn,ModifyChoiceDecorator,main/data/dataset/pcgen-svn-ModifyChoiceDecorator.java,Decorator
pcgen-svn,QualifiedDecorator,main/data/dataset/pcgen-svn-QualifiedDecorator.java,Decorator
spring-stringtemplate,StringTemplateDecoratorServlet,main/data/dataset/spring-stringtemplate-StringTemplateDecoratorServlet.java,Decorator
swing-mvc-demo,BootStrapValidationDecorator,main/data/dataset/swing-mvc-demo-BootStrapValidationDecorator.java,Decorator
teiid-designer,MappingLabelDecorator,main/data/dataset/teiid-designer-MappingLabelDecorator.java,Decorator
wayback,MementoReplayRendererDecorator,main/data/dataset/wayback-MementoReplayRendererDecorator.java,Decorator
activemq,JobSchedulerFacade,main/data/dataset/activemq-JobSchedulerFacade.java,Facade
activemq,BrokerFacade,main/data/dataset/activemq-BrokerFacade.java,Facade
activemq,BrokerFacadeSupport,main/data/dataset/activemq-BrokerFacadeSupport.java,Facade
activemq,DestinationFacade,main/data/dataset/activemq-DestinationFacade.java,Facade
activemq,DurableSubscriberFacade,main/data/dataset/activemq-DurableSubscriberFacade.java,Facade
activemq,JobFacade,main/data/dataset/activemq-JobFacade.java,Facade
activemq,LocalBrokerFacade,main/data/dataset/activemq-LocalBrokerFacade.java,Facade
activemq,RemoteJMXBrokerFacade,main/data/dataset/activemq-RemoteJMXBrokerFacade.java,Facade
activemq,SingletonBrokerFacade,main/data/dataset/activemq-SingletonBrokerFacade.java,Facade
betterFORM,FluxFacade,main/data/dataset/betterFORM-FluxFacade.java,Facade
bio_quiz,AbstractFacade,main/data/dataset/bio_quiz-AbstractFacade.java,Facade
bio_quiz,PlayerFacade,main/data/dataset/bio_quiz-PlayerFacade.java,Facade
bio_quiz,QuestionFacade,main/data/dataset/bio_quiz-QuestionFacade.java,Facade
bio_quiz,QuizFacade,main/data/dataset/bio_quiz-QuizFacade.java,Facade
ccw,ClojureCore,main/data/dataset/ccw-ClojureCore.java,Facade
Cours-3eme-ann-e,AbstractFacade,main/data/dataset/Cours-3eme-ann-e-AbstractFacade.java,Facade
Cours-3eme-ann-e,AeroportFacadeREST,main/data/dataset/Cours-3eme-ann-e-AeroportFacadeREST.java,Facade
Cours-3eme-ann-e,AvionFacadeREST,main/data/dataset/Cours-3eme-ann-e-AvionFacadeREST.java,Facade
Cours-3eme-ann-e,PiloteFacadeREST,main/data/dataset/Cours-3eme-ann-e-PiloteFacadeREST.java,Facade
Cours-3eme-ann-e,VolFacadeREST,main/data/dataset/Cours-3eme-ann-e-VolFacadeREST.java,Facade
DownloadProvider,RealSystemFacade,main/data/dataset/DownloadProvider-RealSystemFacade.java,Facade
infinitest,FacetEditorFacade,main/data/dataset/infinitest-FacetEditorFacade.java,Facade
infinitest,JavaPsiFacade,main/data/dataset/infinitest-JavaPsiFacade.java,Facade
infinitest,FileIndexFacade,main/data/dataset/infinitest-FileIndexFacade.java,Facade
infinitest,MockFileIndexFacade,main/data/dataset/infinitest-MockFileIndexFacade.java,Facade
java-design-patterns,DwarvenGoldmineFacade,main/data/dataset/java-design-patterns-DwarvenGoldmineFacade.java,Facade
jbehave-core,User,main/data/dataset/jbehave-core-User.java,Facade
jbehave-core,Embedder,main/data/dataset/jbehave-core-Embedder.java,Facade
jbehave-core,ParameterConverters,main/data/dataset/jbehave-core-ParameterConverters.java,Facade
jogetworkflow,FormFacade,main/data/dataset/jogetworkflow-FormFacade.java,Facade
jogetworkflow,WorkflowFacade,main/data/dataset/jogetworkflow-WorkflowFacade.java,Facade
m2eclipse-extras,P2Facade,main/data/dataset/m2eclipse-extras-P2Facade.java,Facade
m2eclipse-extras,P2FacadeImpl,main/data/dataset/m2eclipse-extras-P2FacadeImpl.java,Facade
Mavenized-Wave-In-A-Box,CajolerFacade,main/data/dataset/Mavenized-Wave-In-A-Box-CajolerFacade.java,Facade
pcgen-svn,KitFacade,main/data/dataset/pcgen-svn-KitFacade.java,Facade
pcgen-svn,LanguageChooserFacade,main/data/dataset/pcgen-svn-LanguageChooserFacade.java,Facade
pcgen-svn,LanguageFacade,main/data/dataset/pcgen-svn-LanguageFacade.java,Facade
pcgen-svn,LoadableFacade,main/data/dataset/pcgen-svn-LoadableFacade.java,Facade
pcgen-svn,PartyFacade,main/data/dataset/pcgen-svn-PartyFacade.java,Facade
pcgen-svn,RaceFacade,main/data/dataset/pcgen-svn-RaceFacade.java,Facade
pcgen-svn,ReferenceFacade,main/data/dataset/pcgen-svn-ReferenceFacade.java,Facade
pcgen-svn,SizeFacade,main/data/dataset/pcgen-svn-SizeFacade.java,Facade
pcgen-svn,SkillFacade,main/data/dataset/pcgen-svn-SkillFacade.java,Facade
pcgen-svn,SourceSelectionFacade,main/data/dataset/pcgen-svn-SourceSelectionFacade.java,Facade
pcgen-svn,SpellFacade,main/data/dataset/pcgen-svn-SpellFacade.java,Facade
pcgen-svn,SpellSupportFacade,main/data/dataset/pcgen-svn-SpellSupportFacade.java,Facade
pcgen-svn,StatFacade,main/data/dataset/pcgen-svn-StatFacade.java,Facade
pcgen-svn,TempBonusFacade,main/data/dataset/pcgen-svn-TempBonusFacade.java,Facade
pcgen-svn,TemplateFacade,main/data/dataset/pcgen-svn-TemplateFacade.java,Facade
pcgen-svn,TodoFacade,main/data/dataset/pcgen-svn-TodoFacade.java,Facade
pcgen-svn,UIDelegate,main/data/dataset/pcgen-svn-UIDelegate.java,Facade
pcgen-svn,AbstractListFacade,main/data/dataset/pcgen-svn-AbstractListFacade.java,Facade
pcgen-svn,DefaultListFacade,main/data/dataset/pcgen-svn-DefaultListFacade.java,Facade
pcgen-svn,DelegatingListFacade,main/data/dataset/pcgen-svn-DelegatingListFacade.java,Facade
pcgen-svn,ListFacade,main/data/dataset/pcgen-svn-ListFacade.java,Facade
pcgen-svn,ListFacades,main/data/dataset/pcgen-svn-ListFacades.java,Facade
pcgen-svn,SortedListFacade,main/data/dataset/pcgen-svn-SortedListFacade.java,Facade
pcgen-svn,XPTableFacade,main/data/dataset/pcgen-svn-XPTableFacade.java,Facade
pcgen-svn,SimpleFacadeImpl,main/data/dataset/pcgen-svn-SimpleFacadeImpl.java,Facade
pcgen-svn,CharacterLevelFacadeImpl,main/data/dataset/pcgen-svn-CharacterLevelFacadeImpl.java,Facade
pcgen-svn,DescriptionFacadeImpl,main/data/dataset/pcgen-svn-DescriptionFacadeImpl.java,Facade
pcgen-svn,DomainFacadeImpl,main/data/dataset/pcgen-svn-DomainFacadeImpl.java,Facade
pcgen-svn,EquipmentListFacadeImpl,main/data/dataset/pcgen-svn-EquipmentListFacadeImpl.java,Facade
pcgen-svn,EquipmentSetFacadeImpl,main/data/dataset/pcgen-svn-EquipmentSetFacadeImpl.java,Facade
pcgen-svn,FacadeFactory,main/data/dataset/pcgen-svn-FacadeFactory.java,Facade
pcgen-svn,TodoFacadeImpl,main/data/dataset/pcgen-svn-TodoFacadeImpl.java,Facade
po-mindstorms,FacadeSector,main/data/dataset/po-mindstorms-FacadeSector.java,Facade
swp1-teamhub,AbstractFacade,main/data/dataset/swp1-teamhub-AbstractFacade.java,Facade
swp1-teamhub,AufgabeFacade,main/data/dataset/swp1-teamhub-AufgabeFacade.java,Facade
swp1-teamhub,BenutzerFacade,main/data/dataset/swp1-teamhub-BenutzerFacade.java,Facade
swp1-teamhub,KommentarFacade,main/data/dataset/swp1-teamhub-KommentarFacade.java,Facade
swp1-teamhub,ProjektFacade,main/data/dataset/swp1-teamhub-ProjektFacade.java,Facade
swp1-teamhub,TeamleiterFacade,main/data/dataset/swp1-teamhub-TeamleiterFacade.java,Facade
AllBinary-Platform,InputAutomationModuleConfigurationsSingletonFactory,main/data/dataset/AllBinary-Platform-InputAutomationModuleConfigurationsSingletonFactory.java,Factory
AllBinary-Platform,ProcessPaintableSingletonFactory,main/data/dataset/AllBinary-Platform-ProcessPaintableSingletonFactory.java,Factory
ant,RegexpFactory,main/data/dataset/ant-RegexpFactory.java,Factory
ant,RegexpMatcherFactory,main/data/dataset/ant-RegexpMatcherFactory.java,Factory
AxonFramework,SpringPrototypeAggregateFactory,main/data/dataset/AxonFramework-SpringPrototypeAggregateFactory.java,Factory
basiclti-portlet,BasicLTIAdapterFactory,main/data/dataset/basiclti-portlet-BasicLTIAdapterFactory.java,Factory
cas,AutowiringSchedulerFactoryBean,main/data/dataset/cas-AutowiringSchedulerFactoryBean.java,Factory
ccw,BreakpointAdapterFactory,main/data/dataset/ccw-BreakpointAdapterFactory.java,Factory
cdt,ExternalEditorInputFactory,main/data/dataset/cdt-ExternalEditorInputFactory.java,Factory
ChenSun,MysqlDataSourceFactory,main/data/dataset/ChenSun-MysqlDataSourceFactory.java,Factory
ChenSun,StandardSocketFactory,main/data/dataset/ChenSun-StandardSocketFactory.java,Factory
ChenSun,UnreliableSocketFactory,main/data/dataset/ChenSun-UnreliableSocketFactory.java,Factory
commons-collections,PrototypeFactory,main/data/dataset/commons-collections-PrototypeFactory.java,Factory
cucumber-jvm,SingletonFactory,main/data/dataset/cucumber-jvm-SingletonFactory.java,Factory
dozer,UserBeanFactory,main/data/dataset/dozer-UserBeanFactory.java,Factory
dozer,SampleDefaultBeanFactory,main/data/dataset/dozer-SampleDefaultBeanFactory.java,Factory
dozer,BaseSampleBeanFactory,main/data/dataset/dozer-BaseSampleBeanFactory.java,Factory
dozer,CacheKeyFactory,main/data/dataset/dozer-CacheKeyFactory.java,Factory
dozer,JAXBBeanFactory,main/data/dataset/dozer-JAXBBeanFactory.java,Factory
Dual-Battery-Widget,ChartFactory,main/data/dataset/Dual-Battery-Widget-ChartFactory.java,Factory
emergency-service-drools-app,ProcedureServiceFactory,main/data/dataset/emergency-service-drools-app-ProcedureServiceFactory.java,Factory
Emma,AboveTimedSSLSocketFactory,main/data/dataset/Emma-AboveTimedSSLSocketFactory.java,Factory
Emma,SocketFactory,main/data/dataset/Emma-SocketFactory.java,Factory
faban,AboveTimedSSLSocketFactory,main/data/dataset/faban-AboveTimedSSLSocketFactory.java,Factory
faban,SocketFactory,main/data/dataset/faban-SocketFactory.java,Factory
fafdtibb,FastNodeBuilderFactory,main/data/dataset/fafdtibb-FastNodeBuilderFactory.java,Factory
fafdtibb,FatNodeBuilderFactory,main/data/dataset/fafdtibb-FatNodeBuilderFactory.java,Factory
fafdtibb,LimitModeTreeBuilderFactory,main/data/dataset/fafdtibb-LimitModeTreeBuilderFactory.java,Factory
freemind,HookFactory,main/data/dataset/freemind-HookFactory.java,Factory
fuzzydb,AttributeMapFactory,main/data/dataset/fuzzydb-AttributeMapFactory.java,Factory
Generic-Graph-View,InstancemodelFactory,main/data/dataset/Generic-Graph-View-InstancemodelFactory.java,Factory
Generic-Graph-View,InstancemodelAdapterFactory,main/data/dataset/Generic-Graph-View-InstancemodelAdapterFactory.java,Factory
hivedb,SingletonHiveSessionFactoryBuilder,main/data/dataset/hivedb-SingletonHiveSessionFactoryBuilder.java,Factory
iPage,IndexFactory,main/data/dataset/iPage-IndexFactory.java,Factory
jackrabbit,SingletonRepositoryFactory,main/data/dataset/jackrabbit-SingletonRepositoryFactory.java,Factory
java-game-server,TCPPipelineFactory,main/data/dataset/java-game-server-TCPPipelineFactory.java,Factory
java-game-server,UDPPipelineFactory,main/data/dataset/java-game-server-UDPPipelineFactory.java,Factory
javassist,ProxyFactory,main/data/dataset/javassist-ProxyFactory.java,Factory
jbehave-core,ExecutorServiceFactory,main/data/dataset/jbehave-core-ExecutorServiceFactory.java,Factory
jbehave-core,FixedThreadExecutors,main/data/dataset/jbehave-core-FixedThreadExecutors.java,Factory
jbehave-core,ExamplesTableFactory,main/data/dataset/jbehave-core-ExamplesTableFactory.java,Factory
jbehave-core,FilePrintStreamFactory,main/data/dataset/jbehave-core-FilePrintStreamFactory.java,Factory
jbehave-core,PrintStreamFactory,main/data/dataset/jbehave-core-PrintStreamFactory.java,Factory
jbehave-core,AbstractStepsFactory,main/data/dataset/jbehave-core-AbstractStepsFactory.java,Factory
jbehave-core,CompositeStepsFactory,main/data/dataset/jbehave-core-CompositeStepsFactory.java,Factory
jbehave-core,InjectableStepsFactory,main/data/dataset/jbehave-core-InjectableStepsFactory.java,Factory
jbehave-core,InstanceStepsFactory,main/data/dataset/jbehave-core-InstanceStepsFactory.java,Factory
jbehave-core,ProvidedStepsFactory,main/data/dataset/jbehave-core-ProvidedStepsFactory.java,Factory
jbehave-core,InstanceStepsFactoryBehaviour,main/data/dataset/jbehave-core-InstanceStepsFactoryBehaviour.java,Factory
jbehave-core,GroovyStepsFactory,main/data/dataset/jbehave-core-GroovyStepsFactory.java,Factory
jbehave-core,GroovyStepsFactoryBehaviour,main/data/dataset/jbehave-core-GroovyStepsFactoryBehaviour.java,Factory
jbehave-core,GuiceStepsFactory,main/data/dataset/jbehave-core-GuiceStepsFactory.java,Factory
jcr-benchmark,JCRInitializer,main/data/dataset/jcr-benchmark-JCRInitializer.java,Factory
magic-config,DecoratorFactory,main/data/dataset/magic-config-DecoratorFactory.java,Factory
magic-config,DecoratorFactoryImpl,main/data/dataset/magic-config-DecoratorFactoryImpl.java,Factory
mitfahrzentraleClient,ObjectFactory,main/data/dataset/mitfahrzentraleClient-ObjectFactory.java,Factory
orion.server,GitSshSessionFactory,main/data/dataset/orion.server-GitSshSessionFactory.java,Factory
orion.server,OSGiConsoleFactory,main/data/dataset/orion.server-OSGiConsoleFactory.java,Factory
pcgen-svn,TransparentCategorizedFactory,main/data/dataset/pcgen-svn-TransparentCategorizedFactory.java,Factory
pcgen-svn,TransparentFactory,main/data/dataset/pcgen-svn-TransparentFactory.java,Factory
pcgen-svn,CampaignInfoFactory,main/data/dataset/pcgen-svn-CampaignInfoFactory.java,Factory
pcgen-svn,InfoFactory,main/data/dataset/pcgen-svn-InfoFactory.java,Factory
pcgen-svn,EvaluatorFactory,main/data/dataset/pcgen-svn-EvaluatorFactory.java,Factory
pcgen-svn,FacadeFactory,main/data/dataset/pcgen-svn-FacadeFactory.java,Factory
playorm,FactorySingleton,main/data/dataset/playorm-FactorySingleton.java,Factory
SamyGo-Android-Remote,SenderFactory,main/data/dataset/SamyGo-Android-Remote-SenderFactory.java,Factory
SamyGo-Android-Remote,CSeriesKeyCodeSenderFactory,main/data/dataset/SamyGo-Android-Remote-CSeriesKeyCodeSenderFactory.java,Factory
SamyGo-Android-Remote,BSeriesKeyCodeSenderFactory,main/data/dataset/SamyGo-Android-Remote-BSeriesKeyCodeSenderFactory.java,Factory
santuario-java,SecurityTokenFactory,main/data/dataset/santuario-java-SecurityTokenFactory.java,Factory
santuario-java,SignatureAlgorithmFactory,main/data/dataset/santuario-java-SignatureAlgorithmFactory.java,Factory
sshj,SingletonRandomFactory,main/data/dataset/sshj-SingletonRandomFactory.java,Factory
swing-mvc-demo,SessionBindingFactory,main/data/dataset/swing-mvc-demo-SessionBindingFactory.java,Factory
swing-mvc-demo,EnvironmentBindingFactory,main/data/dataset/swing-mvc-demo-EnvironmentBindingFactory.java,Factory
teiid-designer,CoreMatcherFactory,main/data/dataset/teiid-designer-CoreMatcherFactory.java,Factory
wayback,ReplayRendererDecoratorFactory,main/data/dataset/wayback-ReplayRendererDecoratorFactory.java,Factory
wayback,ArchivalUrlResultURIConverterFactory,main/data/dataset/wayback-ArchivalUrlResultURIConverterFactory.java,Factory
wayback,QueryCaptureFilterGroupFactory,main/data/dataset/wayback-QueryCaptureFilterGroupFactory.java,Factory
Netbeans-v1.0.x,DialogCreator,main/data/dataset/Netbeans-v1.0.x-DialogCreator.java,Factory
Netbeans-v1.0.x,ElementNodeFactory,main/data/dataset/Netbeans-v1.0.x-ElementNodeFactory.java,Factory
Netbeans-v1.0.x,VcsFactory,main/data/dataset/Netbeans-v1.0.x-VcsFactory.java,Factory
agetac-ng,AddEntityMemento,main/data/dataset/agetac-ng-AddEntityMemento.java,Memento
biojava-legacy,ExceptionMemento,main/data/dataset/biojava-legacy-ExceptionMemento.java,Memento
birt,MementoBuilder,main/data/dataset/birt-MementoBuilder.java,Memento
birt,Memento,main/data/dataset/birt-Memento.java,Memento
birt,MementoElement,main/data/dataset/birt-MementoElement.java,Memento
carrot2,SimpleXmlMemento,main/data/dataset/carrot2-SimpleXmlMemento.java,Memento
dawn-ui,XYRegionMemento,main/data/dataset/dawn-ui-XYRegionMemento.java,Memento
Generic-Graph-View,ColorMemento,main/data/dataset/Generic-Graph-View-ColorMemento.java,Memento
geronimo,CORBAEJBMemento,main/data/dataset/geronimo-CORBAEJBMemento.java,Memento
hifivetools,MementoTokenizer,main/data/dataset/hifivetools-MementoTokenizer.java,Memento
JavaDesignPatternExercises,IMemento,main/data/dataset/JavaDesignPatternExercises-IMemento.java,Memento
JavaDesignPatternExercises,IMemento,main/data/dataset/JavaDesignPatternExercises-IMemento.java,Memento
java-design-patterns,StarMemento,main/data/dataset/java-design-patterns-StarMemento.java,Memento
LimeWire-Pirate-Edition,BTMetaInfoMementoImpl,main/data/dataset/LimeWire-Pirate-Edition-BTMetaInfoMementoImpl.java,Memento
LimeWire-Pirate-Edition,BTDownloadMementoImpl,main/data/dataset/LimeWire-Pirate-Edition-BTDownloadMementoImpl.java,Memento
LimeWire-Pirate-Edition,TorrentFileSystemMementoImpl,main/data/dataset/LimeWire-Pirate-Edition-TorrentFileSystemMementoImpl.java,Memento
LimeWire-Pirate-Edition,BTDiskManagerMementoImpl,main/data/dataset/LimeWire-Pirate-Edition-BTDiskManagerMementoImpl.java,Memento
LimeWire-Pirate-Edition,MagnetDownloadMementoImpl,main/data/dataset/LimeWire-Pirate-Edition-MagnetDownloadMementoImpl.java,Memento
LimeWire-Pirate-Edition,GnutellaDownloadMemento,main/data/dataset/LimeWire-Pirate-Edition-GnutellaDownloadMemento.java,Memento
LimeWire-Pirate-Edition,VirusDefinitionDownloadMemento,main/data/dataset/LimeWire-Pirate-Edition-VirusDefinitionDownloadMemento.java,Memento
LimeWire-Pirate-Edition,DownloadMemento,main/data/dataset/LimeWire-Pirate-Edition-DownloadMemento.java,Memento
MPS,MappingsMemento,main/data/dataset/MPS-MappingsMemento.java,Memento
MPS,MementoPersistence,main/data/dataset/MPS-MementoPersistence.java,Memento
nuxeo-tycho-osgi,Memento,main/data/dataset/nuxeo-tycho-osgi-Memento.java,Memento
nuxeo-tycho-osgi,XMLMemento,main/data/dataset/nuxeo-tycho-osgi-XMLMemento.java,Memento
prevayler,MementoTransaction,main/data/dataset/prevayler-MementoTransaction.java,Memento
prevayler,Memento,main/data/dataset/prevayler-Memento.java,Memento
studio2,IMemento,main/data/dataset/studio2-IMemento.java,Memento
udig-platform,UdigMemento,main/data/dataset/udig-platform-UdigMemento.java,Memento
wayback,MementoReplayRendererDecorator,main/data/dataset/wayback-MementoReplayRendererDecorator.java,Memento
3taps-Java-Client,GeocoderRequest,main/data/dataset/3taps-Java-Client-GeocoderRequest.java,None
3taps-Java-Client,GeocoderResponse,main/data/dataset/3taps-Java-Client-GeocoderResponse.java,None
3taps-Java-Client,CreateResponse,main/data/dataset/3taps-Java-Client-CreateResponse.java,None
3taps-Java-Client,DeleteResponse,main/data/dataset/3taps-Java-Client-DeleteResponse.java,None
3taps-Java-Client,UpdateResponse,main/data/dataset/3taps-Java-Client-UpdateResponse.java,None
3taps-Java-Client,BestMatchResponse,main/data/dataset/3taps-Java-Client-BestMatchResponse.java,None
3taps-Java-Client,CountResponse,main/data/dataset/3taps-Java-Client-CountResponse.java,None
3taps-Java-Client,QueryRequest,main/data/dataset/3taps-Java-Client-QueryRequest.java,None
3taps-Java-Client,RangeRequest,main/data/dataset/3taps-Java-Client-RangeRequest.java,None
3taps-Java-Client,RangeResponse,main/data/dataset/3taps-Java-Client-RangeResponse.java,None
3taps-Java-Client,SearchRequest,main/data/dataset/3taps-Java-Client-SearchRequest.java,None
3taps-Java-Client,SearchResponse,main/data/dataset/3taps-Java-Client-SearchResponse.java,None
3taps-Java-Client,SummaryRequest,main/data/dataset/3taps-Java-Client-SummaryRequest.java,None
3taps-Java-Client,SummaryResponse,main/data/dataset/3taps-Java-Client-SummaryResponse.java,None
3taps-Java-Client,Annotation,main/data/dataset/3taps-Java-Client-Annotation.java,None
3taps-Java-Client,AnnotationOption,main/data/dataset/3taps-Java-Client-AnnotationOption.java,None
3taps-Java-Client,Category,main/data/dataset/3taps-Java-Client-Category.java,None
3taps-Java-Client,Message,main/data/dataset/3taps-Java-Client-Message.java,None
3taps-Java-Client,Posting,main/data/dataset/3taps-Java-Client-Posting.java,None
3taps-Java-Client,PostingHistory,main/data/dataset/3taps-Java-Client-PostingHistory.java,None
3taps-Java-Client,Source,main/data/dataset/3taps-Java-Client-Source.java,None
3taps-Java-Client,Utils,main/data/dataset/3taps-Java-Client-Utils.java,None
ChenSun,Statement,main/data/dataset/ChenSun-Statement.java,None
ChenSun,AssertionFailedException,main/data/dataset/ChenSun-AssertionFailedException.java,None
ChenSun,BestResponseTimeBalanceStrategy,main/data/dataset/ChenSun-BestResponseTimeBalanceStrategy.java,None
ChenSun,Blob,main/data/dataset/ChenSun-Blob.java,None
ChenSun,BlobFromLocator,main/data/dataset/ChenSun-BlobFromLocator.java,None
ChenSun,Buffer,main/data/dataset/ChenSun-Buffer.java,None
ChenSun,BufferRow,main/data/dataset/ChenSun-BufferRow.java,None
ChenSun,ByteArrayRow,main/data/dataset/ChenSun-ByteArrayRow.java,None
ChenSun,CachedResultSetMetaData,main/data/dataset/ChenSun-CachedResultSetMetaData.java,None
ChenSun,CallableStatement,main/data/dataset/ChenSun-CallableStatement.java,None
ChenSun,CharsetMapping,main/data/dataset/ChenSun-CharsetMapping.java,None
ChenSun,Clob,main/data/dataset/ChenSun-Clob.java,None
ChenSun,CommunicationsException,main/data/dataset/ChenSun-CommunicationsException.java,None
ChenSun,CompressedInputStream,main/data/dataset/ChenSun-CompressedInputStream.java,None
ChenSun,ConnectionFeatureNotAvailableException,main/data/dataset/ChenSun-ConnectionFeatureNotAvailableException.java,None
ChenSun,ConnectionGroup,main/data/dataset/ChenSun-ConnectionGroup.java,None
ChenSun,ConnectionGroupManager,main/data/dataset/ChenSun-ConnectionGroupManager.java,None
ChenSun,ConnectionImpl,main/data/dataset/ChenSun-ConnectionImpl.java,None
ChenSun,ConnectionProperties,main/data/dataset/ChenSun-ConnectionProperties.java,None
ChenSun,ConnectionPropertiesImpl,main/data/dataset/ChenSun-ConnectionPropertiesImpl.java,None
ChenSun,ConnectionPropertiesTransform,main/data/dataset/ChenSun-ConnectionPropertiesTransform.java,None
ChenSun,DatabaseMetaData,main/data/dataset/ChenSun-DatabaseMetaData.java,None
ChenSun,DatabaseMetaDataUsingInfoSchema,main/data/dataset/ChenSun-DatabaseMetaDataUsingInfoSchema.java,None
ChenSun,DocsConnectionPropsHelper,main/data/dataset/ChenSun-DocsConnectionPropsHelper.java,None
ChenSun,EscapeProcessor,main/data/dataset/ChenSun-EscapeProcessor.java,None
ChenSun,ExportControlled,main/data/dataset/ChenSun-ExportControlled.java,None
ChenSun,Extension,main/data/dataset/ChenSun-Extension.java,None
ChenSun,Field,main/data/dataset/ChenSun-Field.java,None
ChenSun,ExtendedMysqlExceptionSorter,main/data/dataset/ChenSun-ExtendedMysqlExceptionSorter.java,None
ChenSun,MysqlValidConnectionChecker,main/data/dataset/ChenSun-MysqlValidConnectionChecker.java,None
ChenSun,IterateBlock,main/data/dataset/ChenSun-IterateBlock.java,None
ChenSun,JDBC4MysqlPooledConnection,main/data/dataset/ChenSun-JDBC4MysqlPooledConnection.java,None
ChenSun,JDBC4MysqlXAConnection,main/data/dataset/ChenSun-JDBC4MysqlXAConnection.java,None
ChenSun,JDBC4SuspendableXAConnection,main/data/dataset/ChenSun-JDBC4SuspendableXAConnection.java,None
jbehave-core,CalendarConverter,main/data/dataset/jbehave-core-CalendarConverter.java,None
jbehave-core,TraderConverter,main/data/dataset/jbehave-core-TraderConverter.java,None
jbehave-core,Stock,main/data/dataset/jbehave-core-Stock.java,None
jbehave-core,Trader,main/data/dataset/jbehave-core-Trader.java,None
jbehave-core,TraderPersister,main/data/dataset/jbehave-core-TraderPersister.java,None
jbehave-core,TradingService,main/data/dataset/jbehave-core-TradingService.java,None
jbehave-core,AbstractSteps,main/data/dataset/jbehave-core-AbstractSteps.java,None
jbehave-core,BeforeAfterSteps,main/data/dataset/jbehave-core-BeforeAfterSteps.java,None
jbehave-core,CalendarSteps,main/data/dataset/jbehave-core-CalendarSteps.java,None
jbehave-core,CompositeNestedSteps,main/data/dataset/jbehave-core-CompositeNestedSteps.java,None
jbehave-core,CompositeSteps,main/data/dataset/jbehave-core-CompositeSteps.java,None
jbehave-core,FailingBeforeAfterSteps,main/data/dataset/jbehave-core-FailingBeforeAfterSteps.java,None
jbehave-core,MetaParametrisationSteps,main/data/dataset/jbehave-core-MetaParametrisationSteps.java,None
jbehave-core,NamedParametersSteps,main/data/dataset/jbehave-core-NamedParametersSteps.java,None
jbehave-core,ParameterDelimitersSteps,main/data/dataset/jbehave-core-ParameterDelimitersSteps.java,None
jbehave-core,ParametrisationByDelimitedNameSteps,main/data/dataset/jbehave-core-ParametrisationByDelimitedNameSteps.java,None
jbehave-core,ParametrisedSteps,main/data/dataset/jbehave-core-ParametrisedSteps.java,None
jbehave-core,PendingSteps,main/data/dataset/jbehave-core-PendingSteps.java,None
jbehave-core,PriorityMatchingSteps,main/data/dataset/jbehave-core-PriorityMatchingSteps.java,None
jbehave-core,SandpitSteps,main/data/dataset/jbehave-core-SandpitSteps.java,None
jbehave-core,SearchSteps,main/data/dataset/jbehave-core-SearchSteps.java,None
jbehave-core,TraderSteps,main/data/dataset/jbehave-core-TraderSteps.java,None
jbehave-core,FailingAfterStories,main/data/dataset/jbehave-core-FailingAfterStories.java,None
jbehave-core,FailingBeforeStories,main/data/dataset/jbehave-core-FailingBeforeStories.java,None
jbehave-core,ParameterDelimiters,main/data/dataset/jbehave-core-ParameterDelimiters.java,None
jbehave-core,ParametrisationByDelimitedName,main/data/dataset/jbehave-core-ParametrisationByDelimitedName.java,None
jbehave-core,GivenStories,main/data/dataset/jbehave-core-GivenStories.java,None
jbehave-core,PrintStreamOutput,main/data/dataset/jbehave-core-PrintStreamOutput.java,None
jbehave-core,PrintStreamStepdocReporter,main/data/dataset/jbehave-core-PrintStreamStepdocReporter.java,None
jbehave-core,ReportsCount,main/data/dataset/jbehave-core-ReportsCount.java,None
jbehave-core,SilentSuccessFilter,main/data/dataset/jbehave-core-SilentSuccessFilter.java,None
jbehave-core,StackTraceFormatter,main/data/dataset/jbehave-core-StackTraceFormatter.java,None
jbehave-core,StepdocReporter,main/data/dataset/jbehave-core-StepdocReporter.java,None
AndroidBillingLibrary,MockBillingObserver,main/data/dataset/AndroidBillingLibrary-MockBillingObserver.java,Observer
Android-Simple-Social-Sharing,FacebookEventObserver,main/data/dataset/Android-Simple-Social-Sharing-FacebookEventObserver.java,Observer
Android-Simple-Social-Sharing,TwitterEventObserver,main/data/dataset/Android-Simple-Social-Sharing-TwitterEventObserver.java,Observer
ant,TimeoutObserver,main/data/dataset/ant-TimeoutObserver.java,Observer
arquillian_deprecated,ObserverImpl,main/data/dataset/arquillian_deprecated-ObserverImpl.java,Observer
arquillian-extension-persistence,EventObserver,main/data/dataset/arquillian-extension-persistence-EventObserver.java,Observer
BMach,IObserver,main/data/dataset/BMach-IObserver.java,Observer
BMach,ISubject,main/data/dataset/BMach-ISubject.java,Observer
brightroom,AppHistoryObserver,main/data/dataset/brightroom-AppHistoryObserver.java,Observer
com.happyprog.tdgotchi,RefactoringObserver,main/data/dataset/com.happyprog.tdgotchi-RefactoringObserver.java,Observer
com.happyprog.tdgotchi,TamagotchiObserver,main/data/dataset/com.happyprog.tdgotchi-TamagotchiObserver.java,Observer
cream,LoggingObserver,main/data/dataset/cream-LoggingObserver.java,Observer
CS230-Software-Project,Observable,main/data/dataset/CS230-Software-Project-Observable.java,Observer
CS230-Software-Project,Observer,main/data/dataset/CS230-Software-Project-Observer.java,Observer
cxf,ColocMessageObserver,main/data/dataset/cxf-ColocMessageObserver.java,Observer
cxf,MessageReplayObserver,main/data/dataset/cxf-MessageReplayObserver.java,Observer
cxf,ClientMessageObserver,main/data/dataset/cxf-ClientMessageObserver.java,Observer
cxf,MultipleEndpointObserver,main/data/dataset/cxf-MultipleEndpointObserver.java,Observer
cxf,ChainInitiationObserver,main/data/dataset/cxf-ChainInitiationObserver.java,Observer
JavaDesignPatternExercises,Buffer,main/data/dataset/JavaDesignPatternExercises-Buffer.java,Observer
JavaDesignPatternExercises,IObserver,main/data/dataset/JavaDesignPatternExercises-IObserver.java,Observer
JavaDesignPatternExercises,ISubject,main/data/dataset/JavaDesignPatternExercises-ISubject.java,Observer
jge3d,Observer,main/data/dataset/jge3d-Observer.java,Observer
ju4pa,ConcurrentModificationObserver,main/data/dataset/ju4pa-ConcurrentModificationObserver.java,Observer
milton,ImageTableObserver,main/data/dataset/milton-ImageTableObserver.java,Observer
OneSwarm,DHTRouterObserver,main/data/dataset/OneSwarm-DHTRouterObserver.java,Observer
pcgen-svn,ShowMessageConsoleObserver,main/data/dataset/pcgen-svn-ShowMessageConsoleObserver.java,Observer
pcgen-svn,PersistenceObserver,main/data/dataset/pcgen-svn-PersistenceObserver.java,Observer
pcgen-svn,ShowMessageGuiObserver,main/data/dataset/pcgen-svn-ShowMessageGuiObserver.java,Observer
platform_frameworks_base,SyncStatusObserver,main/data/dataset/platform_frameworks_base-SyncStatusObserver.java,Observer
smsc-server,MessageObserver,main/data/dataset/smsc-server-MessageObserver.java,Observer
smsc-server,StatisticsObserver,main/data/dataset/smsc-server-StatisticsObserver.java,Observer
softwaremill-common,TransactionExceptionObserver,main/data/dataset/softwaremill-common-TransactionExceptionObserver.java,Observer
stratosphere,ExecutionObserver,main/data/dataset/stratosphere-ExecutionObserver.java,Observer
swing-mvc-demo,GroupModelObserver,main/data/dataset/swing-mvc-demo-GroupModelObserver.java,Observer
swing-mvc-demo,MainModelObserver,main/data/dataset/swing-mvc-demo-MainModelObserver.java,Observer
swing-mvc-demo,UserModelObserver,main/data/dataset/swing-mvc-demo-UserModelObserver.java,Observer
TurtlePlayer,PreferencesObserver,main/data/dataset/TurtlePlayer-PreferencesObserver.java,Observer
UK-Ejemplos,Observer,main/data/dataset/UK-Ejemplos-Observer.java,Observer
UK-Ejemplos,ObserverBuilder,main/data/dataset/UK-Ejemplos-ObserverBuilder.java,Observer
UK-Ejemplos,EventObserver,main/data/dataset/UK-Ejemplos-EventObserver.java,Observer
Alice,ElementPrototype,main/data/dataset/Alice-ElementPrototype.java,Prototype
Alice,QuestionPrototype,main/data/dataset/Alice-QuestionPrototype.java,Prototype
Alice,ResponsePrototype,main/data/dataset/Alice-ResponsePrototype.java,Prototype
Alice,CallToUserDefinedQuestionPrototype,main/data/dataset/Alice-CallToUserDefinedQuestionPrototype.java,Prototype
Alice,CallToUserDefinedResponsePrototype,main/data/dataset/Alice-CallToUserDefinedResponsePrototype.java,Prototype
Android-RTMP,FFMPEGPrototype,main/data/dataset/Android-RTMP-FFMPEGPrototype.java,Prototype
AxonFramework,SpringPrototypeAggregateFactory,main/data/dataset/AxonFramework-SpringPrototypeAggregateFactory.java,Prototype
cdt,AutoconfPrototype,main/data/dataset/cdt-AutoconfPrototype.java,Prototype
cdt,FunctionPrototypeSummary,main/data/dataset/cdt-FunctionPrototypeSummary.java,Prototype
commons-collections,PrototypeFactory,main/data/dataset/commons-collections-PrototypeFactory.java,Prototype
computercraft-spout,Prototype,main/data/dataset/computercraft-spout-Prototype.java,Prototype
liferay-portal,LayoutPrototypeLocalService,main/data/dataset/liferay-portal-LayoutPrototypeLocalService.java,Prototype
liferay-portal,LayoutPrototypeLocalServiceWrapper,main/data/dataset/liferay-portal-LayoutPrototypeLocalServiceWrapper.java,Prototype
liferay-portal,LayoutPrototypePermission,main/data/dataset/liferay-portal-LayoutPrototypePermission.java,Prototype
liferay-portal,LayoutPrototypeBaseImpl,main/data/dataset/liferay-portal-LayoutPrototypeBaseImpl.java,Prototype
liferay-portal,LayoutPrototypeImpl,main/data/dataset/liferay-portal-LayoutPrototypeImpl.java,Prototype
liferay-portal,LayoutPrototype,main/data/dataset/liferay-portal-LayoutPrototype.java,Prototype
modapi,Prototype,main/data/dataset/modapi-Prototype.java,Prototype
movsim,VehiclePrototype,main/data/dataset/movsim-VehiclePrototype.java,Prototype
onebusaway-application-modules,ResourcePrototypeImpl,main/data/dataset/onebusaway-application-modules-ResourcePrototypeImpl.java,Prototype
OneSwarm,ExternalTextResourcePrototype,main/data/dataset/OneSwarm-ExternalTextResourcePrototype.java,Prototype
OneSwarm,ImageResourcePrototype,main/data/dataset/OneSwarm-ImageResourcePrototype.java,Prototype
OneSwarm,ResourcePrototype,main/data/dataset/OneSwarm-ResourcePrototype.java,Prototype
osate2-core,ComponentPrototype,main/data/dataset/osate2-core-ComponentPrototype.java,Prototype
osate2-core,ComponentPrototypeActual,main/data/dataset/osate2-core-ComponentPrototypeActual.java,Prototype
osate2-core,ComponentPrototypeBinding,main/data/dataset/osate2-core-ComponentPrototypeBinding.java,Prototype
osate2-core,FeatureGroupPrototype,main/data/dataset/osate2-core-FeatureGroupPrototype.java,Prototype
osate2-core,FeaturePrototype,main/data/dataset/osate2-core-FeaturePrototype.java,Prototype
osate2-core,AbstractPrototypeImpl,main/data/dataset/osate2-core-AbstractPrototypeImpl.java,Prototype
osate2-core,BusPrototypeImpl,main/data/dataset/osate2-core-BusPrototypeImpl.java,Prototype
osate2-core,ComponentPrototypeActualImpl,main/data/dataset/osate2-core-ComponentPrototypeActualImpl.java,Prototype
osate2-core,ComponentPrototypeImpl,main/data/dataset/osate2-core-ComponentPrototypeImpl.java,Prototype
osate2-core,DataPrototypeImpl,main/data/dataset/osate2-core-DataPrototypeImpl.java,Prototype
osate2-core,DevicePrototypeImpl,main/data/dataset/osate2-core-DevicePrototypeImpl.java,Prototype
osate2-core,FeatureGroupPrototypeActualImpl,main/data/dataset/osate2-core-FeatureGroupPrototypeActualImpl.java,Prototype
osate2-core,FeatureGroupPrototypeBindingImpl,main/data/dataset/osate2-core-FeatureGroupPrototypeBindingImpl.java,Prototype
osate2-core,FeatureGroupPrototypeImpl,main/data/dataset/osate2-core-FeatureGroupPrototypeImpl.java,Prototype
osate2-core,FeaturePrototypeActualImpl,main/data/dataset/osate2-core-FeaturePrototypeActualImpl.java,Prototype
osate2-core,FeaturePrototypeImpl,main/data/dataset/osate2-core-FeaturePrototypeImpl.java,Prototype
osate2-core,FeaturePrototypeReferenceImpl,main/data/dataset/osate2-core-FeaturePrototypeReferenceImpl.java,Prototype
osate2-core,MemoryPrototypeImpl,main/data/dataset/osate2-core-MemoryPrototypeImpl.java,Prototype
osate2-core,ProcessorPrototypeImpl,main/data/dataset/osate2-core-ProcessorPrototypeImpl.java,Prototype
osate2-core,ProcessPrototypeImpl,main/data/dataset/osate2-core-ProcessPrototypeImpl.java,Prototype
osate2-core,Prototype,main/data/dataset/osate2-core-Prototype.java,Prototype
osate2-core,PrototypeBinding,main/data/dataset/osate2-core-PrototypeBinding.java,Prototype
protogrid,GridPrototype,main/data/dataset/protogrid-GridPrototype.java,Prototype
protogrid,BaseDataPrototype,main/data/dataset/protogrid-BaseDataPrototype.java,Prototype
protoj,PrototypeGenerator,main/data/dataset/protoj-PrototypeGenerator.java,Prototype
protoj,Prototype,main/data/dataset/protoj-Prototype.java,Prototype
s4,PrototypeRequest,main/data/dataset/s4-PrototypeRequest.java,Prototype
s4,PrototypeWrapper,main/data/dataset/s4-PrototypeWrapper.java,Prototype
sablecc,MParamPrototype,main/data/dataset/sablecc-MParamPrototype.java,Prototype
sablecc,MMacroCreatorPrototype,main/data/dataset/sablecc-MMacroCreatorPrototype.java,Prototype
sablecc,MParamRefPrototype,main/data/dataset/sablecc-MParamRefPrototype.java,Prototype
SmartBIPrototype,SmartBIPrototype,main/data/dataset/SmartBIPrototype-SmartBIPrototype.java,Prototype
spring-social-twitter,PlacePrototype,main/data/dataset/spring-social-twitter-PlacePrototype.java,Prototype
SWE12-Drone,PrototypeBrickAdapter,main/data/dataset/SWE12-Drone-PrototypeBrickAdapter.java,Prototype
wolips,EOPrototypeListContentProvider,main/data/dataset/wolips-EOPrototypeListContentProvider.java,Prototype
wolips,EOPrototypeListLabelProvider,main/data/dataset/wolips-EOPrototypeListLabelProvider.java,Prototype
wonder,ERPrototypes,main/data/dataset/wonder-ERPrototypes.java,Prototype
xdi2,Prototype,main/data/dataset/xdi2-Prototype.java,Prototype
BuildCraft,BuilderProxy,main/data/dataset/BuildCraft-BuilderProxy.java,Proxy
BuildCraft,BuilderProxyClient,main/data/dataset/BuildCraft-BuilderProxyClient.java,Proxy
BuildCraft,CoreProxy,main/data/dataset/BuildCraft-CoreProxy.java,Proxy
BuildCraft,CoreProxyClient,main/data/dataset/BuildCraft-CoreProxyClient.java,Proxy
BuildCraft,EnergyProxy,main/data/dataset/BuildCraft-EnergyProxy.java,Proxy
BuildCraft,EnergyProxyClient,main/data/dataset/BuildCraft-EnergyProxyClient.java,Proxy
BuildCraft,FactoryProxy,main/data/dataset/BuildCraft-FactoryProxy.java,Proxy
cdt,CfgProxyCache,main/data/dataset/cdt-CfgProxyCache.java,Proxy
cdt,PDOMProxy,main/data/dataset/cdt-PDOMProxy.java,Proxy
cdt,IncludeReferenceProxy,main/data/dataset/cdt-IncludeReferenceProxy.java,Proxy
cdt,CEditorTextHoverProxy,main/data/dataset/cdt-CEditorTextHoverProxy.java,Proxy
cdt,ModulesViewModelProxy,main/data/dataset/cdt-ModulesViewModelProxy.java,Proxy
cdt,SignalsViewModelProxy,main/data/dataset/cdt-SignalsViewModelProxy.java,Proxy
cdt,BreakpointVMModelProxyStrategy,main/data/dataset/cdt-BreakpointVMModelProxyStrategy.java,Proxy
cdt,ExpressionVMProviderModelProxyStrategy,main/data/dataset/cdt-ExpressionVMProviderModelProxyStrategy.java,Proxy
cdt,DefaultVMModelProxyStrategy,main/data/dataset/cdt-DefaultVMModelProxyStrategy.java,Proxy
ChenSun,FailoverConnectionProxy,main/data/dataset/ChenSun-FailoverConnectionProxy.java,Proxy
ChenSun,LoadBalancingConnectionProxy,main/data/dataset/ChenSun-LoadBalancingConnectionProxy.java,Proxy
DimSim,ObjectProxy,main/data/dataset/DimSim-ObjectProxy.java,Proxy
DimSim,DebugProxyHandler,main/data/dataset/DimSim-DebugProxyHandler.java,Proxy
DimSim,EventsJsonProxy,main/data/dataset/DimSim-EventsJsonProxy.java,Proxy
DimSim,PopoutPanelProxy,main/data/dataset/DimSim-PopoutPanelProxy.java,Proxy
DimSim,PopoutWindowProxy,main/data/dataset/DimSim-PopoutWindowProxy.java,Proxy
ecf,SmartProxy,main/data/dataset/ecf-SmartProxy.java,Proxy
geotoolkit-pending,GeometryProxy,main/data/dataset/geotoolkit-pending-GeometryProxy.java,Proxy
harmony-classlib,Proxy,main/data/dataset/harmony-classlib-Proxy.java,Proxy
harmony-classlib,DataProxy,main/data/dataset/harmony-classlib-DataProxy.java,Proxy
harmony-classlib,AWTEventListenerProxy,main/data/dataset/harmony-classlib-AWTEventListenerProxy.java,Proxy
harmony-classlib,DragSourceEventProxy,main/data/dataset/harmony-classlib-DragSourceEventProxy.java,Proxy
harmony-classlib,BeanContextChildComponentProxy,main/data/dataset/harmony-classlib-BeanContextChildComponentProxy.java,Proxy
harmony-classlib,BeanContextContainerProxy,main/data/dataset/harmony-classlib-BeanContextContainerProxy.java,Proxy
harmony-classlib,BeanContextProxy,main/data/dataset/harmony-classlib-BeanContextProxy.java,Proxy
harmony-classlib,PropertyChangeListenerProxy,main/data/dataset/harmony-classlib-PropertyChangeListenerProxy.java,Proxy
harmony-classlib,VetoableChangeListenerProxy,main/data/dataset/harmony-classlib-VetoableChangeListenerProxy.java,Proxy
harmony-classlib,MockBeanContextChildComponentProxy,main/data/dataset/harmony-classlib-MockBeanContextChildComponentProxy.java,Proxy
harmony-classlib,MockBeanContextProxy,main/data/dataset/harmony-classlib-MockBeanContextProxy.java,Proxy
harmony-classlib,MockBeanContextProxyS,main/data/dataset/harmony-classlib-MockBeanContextProxyS.java,Proxy
javassist,Proxy,main/data/dataset/javassist-Proxy.java,Proxy
ju4pa,PaletteContainerProxy,main/data/dataset/ju4pa-PaletteContainerProxy.java,Proxy
playorm,IterProxy,main/data/dataset/playorm-IterProxy.java,Proxy
playorm,CursorProxy,main/data/dataset/playorm-CursorProxy.java,Proxy
playorm,ListProxy,main/data/dataset/playorm-ListProxy.java,Proxy
playorm,NoSqlProxy,main/data/dataset/playorm-NoSqlProxy.java,Proxy
playorm,NoSqlProxyImpl,main/data/dataset/playorm-NoSqlProxyImpl.java,Proxy
playorm,IterLogProxy,main/data/dataset/playorm-IterLogProxy.java,Proxy
playorm,IterableProxy,main/data/dataset/playorm-IterableProxy.java,Proxy
santuario-java,ElementProxy,main/data/dataset/santuario-java-ElementProxy.java,Proxy
santuario-java,SignatureElementProxy,main/data/dataset/santuario-java-SignatureElementProxy.java,Proxy
wayback,ARCRecordingProxy,main/data/dataset/wayback-ARCRecordingProxy.java,Proxy
wayback,ARCUnwrappingProxy,main/data/dataset/wayback-ARCUnwrappingProxy.java,Proxy
activemq,SingletonBrokerFacade,main/data/dataset/activemq-SingletonBrokerFacade.java,Singleton
alfresco,TransactionAwareSingleton,main/data/dataset/alfresco-TransactionAwareSingleton.java,Singleton
AllBinary-Platform,UploadMediaSingleton,main/data/dataset/AllBinary-Platform-UploadMediaSingleton.java,Singleton
AllBinary-Platform,LicenseInterfaceSingleton,main/data/dataset/AllBinary-Platform-LicenseInterfaceSingleton.java,Singleton
AllBinary-Platform,InputAutomationModuleConfigurationsSingletonFactory,main/data/dataset/AllBinary-Platform-InputAutomationModuleConfigurationsSingletonFactory.java,Singleton
AllBinary-Platform,ImageComparisonResultCacheSingleton,main/data/dataset/AllBinary-Platform-ImageComparisonResultCacheSingleton.java,Singleton
AllBinary-Platform,ConsolidatedMotionRectanglesResultsCacheSingleton,main/data/dataset/AllBinary-Platform-ConsolidatedMotionRectanglesResultsCacheSingleton.java,Singleton
AllBinary-Platform,AllMotionRectanglesResultsCacheSingleton,main/data/dataset/AllBinary-Platform-AllMotionRectanglesResultsCacheSingleton.java,Singleton
AllBinary-Platform,ProcessPaintableSingletonFactory,main/data/dataset/AllBinary-Platform-ProcessPaintableSingletonFactory.java,Singleton
AllBinary-Platform,NoGameNotificationHudSingleton,main/data/dataset/AllBinary-Platform-NoGameNotificationHudSingleton.java,Singleton
AllBinary-Platform,GameConfigurationSingleton,main/data/dataset/AllBinary-Platform-GameConfigurationSingleton.java,Singleton
AllBinary-Platform,KeySingletonFactory,main/data/dataset/AllBinary-Platform-KeySingletonFactory.java,Singleton
AllBinary-Platform,StoreAdminUserEmailEventHandlerSingletons,main/data/dataset/AllBinary-Platform-StoreAdminUserEmailEventHandlerSingletons.java,Singleton
AllBinary-Platform,AdminUserEmailEventHandlerSingletons,main/data/dataset/AllBinary-Platform-AdminUserEmailEventHandlerSingletons.java,Singleton
AllBinary-Platform,UserEmailEventHandlerSingletons,main/data/dataset/AllBinary-Platform-UserEmailEventHandlerSingletons.java,Singleton
AllBinary-Platform,CurrentlyPressedTouchButtonSingleton,main/data/dataset/AllBinary-Platform-CurrentlyPressedTouchButtonSingleton.java,Singleton
AllBinary-Platform,TestingInputSingleton,main/data/dataset/AllBinary-Platform-TestingInputSingleton.java,Singleton
AllBinary-Platform,MakeCountedPartsSingletonArrayFactory,main/data/dataset/AllBinary-Platform-MakeCountedPartsSingletonArrayFactory.java,Singleton
AllBinary-Platform,HighScoreNamePersistanceSingleton,main/data/dataset/AllBinary-Platform-HighScoreNamePersistanceSingleton.java,Singleton
AllBinary-Platform,GameConfigurationPersistanceSingleton,main/data/dataset/AllBinary-Platform-GameConfigurationPersistanceSingleton.java,Singleton
AllBinary-Platform,GamePersistanceSingleton,main/data/dataset/AllBinary-Platform-GamePersistanceSingleton.java,Singleton
AllBinary-Platform,NullHighScoresSingletonFactory,main/data/dataset/AllBinary-Platform-NullHighScoresSingletonFactory.java,Singleton
AllBinary-Platform,RemoteErrorHighScoresSingletonFactory,main/data/dataset/AllBinary-Platform-RemoteErrorHighScoresSingletonFactory.java,Singleton
AllBinary-Platform,PrimitiveLongSingleton,main/data/dataset/AllBinary-Platform-PrimitiveLongSingleton.java,Singleton
cruisecontrol,ServerNameSingleton,main/data/dataset/cruisecontrol-ServerNameSingleton.java,Singleton
cucumber-jvm,SingletonFactory,main/data/dataset/cucumber-jvm-SingletonFactory.java,Singleton
cxf,SingletonFactory,main/data/dataset/cxf-SingletonFactory.java,Singleton
cxf,SingletonResourceProvider,main/data/dataset/cxf-SingletonResourceProvider.java,Singleton
cytoscape-plugins,ObjectFactorySingleton,main/data/dataset/cytoscape-plugins-ObjectFactorySingleton.java,Singleton
emergency-service-drools-app,MessageServerSingleton,main/data/dataset/emergency-service-drools-app-MessageServerSingleton.java,Singleton
geotoolkit-pending,SingletonIterator,main/data/dataset/geotoolkit-pending-SingletonIterator.java,Singleton
hivedb,SingletonHiveSessionFactoryBuilder,main/data/dataset/hivedb-SingletonHiveSessionFactoryBuilder.java,Singleton
hypergraphdb,CacheActionQueueSingleton,main/data/dataset/hypergraphdb-CacheActionQueueSingleton.java,Singleton
iBatisWorkShop,NoXmlSingletonConnectionManager,main/data/dataset/iBatisWorkShop-NoXmlSingletonConnectionManager.java,Singleton
iBatisWorkShop,SingletonConnectionManager,main/data/dataset/iBatisWorkShop-SingletonConnectionManager.java,Singleton
infinitest,NewInstanceOfSingletonInspection,main/data/dataset/infinitest-NewInstanceOfSingletonInspection.java,Singleton
jackrabbit,SingletonRepositoryFactory,main/data/dataset/jackrabbit-SingletonRepositoryFactory.java,Singleton
java-game-server,ExecutionHandlerSingleton,main/data/dataset/java-game-server-ExecutionHandlerSingleton.java,Singleton
jbehave-core,WeldStepProducer,main/data/dataset/jbehave-core-WeldStepProducer.java,Singleton
jboss-aejb,SingletonAEjbHandler,main/data/dataset/jboss-aejb-SingletonAEjbHandler.java,Singleton
kodejava,SingletonDemo,main/data/dataset/kodejava-SingletonDemo.java,Singleton
openejb,SingletonEjbHomeHandler,main/data/dataset/openejb-SingletonEjbHomeHandler.java,Singleton
openejb,SingletonEjbObjectHandler,main/data/dataset/openejb-SingletonEjbObjectHandler.java,Singleton
openejb,SingletonInstanceManager,main/data/dataset/openejb-SingletonInstanceManager.java,Singleton
openejb,SingletonBean,main/data/dataset/openejb-SingletonBean.java,Singleton
openejb,SingletonCalculatorClient,main/data/dataset/openejb-SingletonCalculatorClient.java,Singleton
openejb,BasicSingletonBean,main/data/dataset/openejb-BasicSingletonBean.java,Singleton
platform_frameworks_base,Singleton,main/data/dataset/platform_frameworks_base-Singleton.java,Singleton
playorm,FactorySingleton,main/data/dataset/playorm-FactorySingleton.java,Singleton
robo-remote,EmSingleton,main/data/dataset/robo-remote-EmSingleton.java,Singleton
small-team-km-android-client,ActivitiesStackSingleton,main/data/dataset/small-team-km-android-client-ActivitiesStackSingleton.java,Singleton
small-team-km-android-client,ImageCacheSoftRefSingleton,main/data/dataset/small-team-km-android-client-ImageCacheSoftRefSingleton.java,Singleton
sshj,SingletonRandomFactory,main/data/dataset/sshj-SingletonRandomFactory.java,Singleton
XobotOS,Singleton,main/data/dataset/XobotOS-Singleton.java,Singleton
zen-project,SingletonSolrAware,main/data/dataset/zen-project-SingletonSolrAware.java,Singleton
ccw,ClojureVisitor,main/data/dataset/ccw-ClojureVisitor.java,Visitor
cdt,ICElementVisitor,main/data/dataset/cdt-ICElementVisitor.java,Visitor
cdt,IPathSettingsContainerVisitor,main/data/dataset/cdt-IPathSettingsContainerVisitor.java,Visitor
cdt,ASTVisitor,main/data/dataset/cdt-ASTVisitor.java,Visitor
cdt,ICPPASTVisitor,main/data/dataset/cdt-ICPPASTVisitor.java,Visitor
cdt,ASTGenericVisitor,main/data/dataset/cdt-ASTGenericVisitor.java,Visitor
cdt,IndexerASTVisitor,main/data/dataset/cdt-IndexerASTVisitor.java,Visitor
cdt,ApplyVisitor,main/data/dataset/cdt-ApplyVisitor.java,Visitor
cdt,CVisitor,main/data/dataset/cdt-CVisitor.java,Visitor
cdt,ASTCommenterVisitor,main/data/dataset/cdt-ASTCommenterVisitor.java,Visitor
cdt,ChangeGeneratorWriterVisitor,main/data/dataset/cdt-ChangeGeneratorWriterVisitor.java,Visitor
cdt,ASTWriterVisitor,main/data/dataset/cdt-ASTWriterVisitor.java,Visitor
cdt,CodeFormatterVisitor,main/data/dataset/cdt-CodeFormatterVisitor.java,Visitor
cdt,CPPASTAllVisitor,main/data/dataset/cdt-CPPASTAllVisitor.java,Visitor
cxf,FixedVisitor,main/data/dataset/cxf-FixedVisitor.java,Visitor
cxf,PortTypeVisitor,main/data/dataset/cxf-PortTypeVisitor.java,Visitor
cxf,SequenceVisitor,main/data/dataset/cxf-SequenceVisitor.java,Visitor
cxf,ArrayVisitor,main/data/dataset/cxf-ArrayVisitor.java,Visitor
cxf,PrimitiveTypesVisitor,main/data/dataset/cxf-PrimitiveTypesVisitor.java,Visitor
cxf,TemplateTypeSpecVisitor,main/data/dataset/cxf-TemplateTypeSpecVisitor.java,Visitor
cxf,ConstVisitor,main/data/dataset/cxf-ConstVisitor.java,Visitor
cxf,TypedefVisitor,main/data/dataset/cxf-TypedefVisitor.java,Visitor
cxf,ScopedNameVisitor,main/data/dataset/cxf-ScopedNameVisitor.java,Visitor
cxf,ParamTypeSpecVisitor,main/data/dataset/cxf-ParamTypeSpecVisitor.java,Visitor
cxf,StringVisitor,main/data/dataset/cxf-StringVisitor.java,Visitor
cxf,DefinitionVisitor,main/data/dataset/cxf-DefinitionVisitor.java,Visitor
cxf,VisitorBase,main/data/dataset/cxf-VisitorBase.java,Visitor
Emma,InstrVisitor,main/data/dataset/Emma-InstrVisitor.java,Visitor
Emma,AbstractItemVisitor,main/data/dataset/Emma-AbstractItemVisitor.java,Visitor
Emma,IItemVisitor,main/data/dataset/Emma-IItemVisitor.java,Visitor
Emma,AbstractClassDefVisitor,main/data/dataset/Emma-AbstractClassDefVisitor.java,Visitor
Emma,IAttributeVisitor,main/data/dataset/Emma-IAttributeVisitor.java,Visitor
Emma,ICONSTANTVisitor,main/data/dataset/Emma-ICONSTANTVisitor.java,Visitor
Emma,IClassDefVisitor,main/data/dataset/Emma-IClassDefVisitor.java,Visitor
Emma,IOpcodeVisitor,main/data/dataset/Emma-IOpcodeVisitor.java,Visitor
fafdtibb,DecisionTreeVisitor,main/data/dataset/fafdtibb-DecisionTreeVisitor.java,Visitor
freemind,NodeViewVisitor,main/data/dataset/freemind-NodeViewVisitor.java,Visitor
graph-collections,SpatialIndexVisitor,main/data/dataset/graph-collections-SpatialIndexVisitor.java,Visitor
java-design-patterns,SoldierVisitor,main/data/dataset/java-design-patterns-SoldierVisitor.java,Visitor
java-design-patterns,SergeantVisitor,main/data/dataset/java-design-patterns-SergeantVisitor.java,Visitor
java-design-patterns,CommanderVisitor,main/data/dataset/java-design-patterns-CommanderVisitor.java,Visitor
openllet,EntailmentQueryVisitor,main/data/dataset/openllet-EntailmentQueryVisitor.java,Visitor
openllet,PelletVisitor,main/data/dataset/openllet-PelletVisitor.java,Visitor
openllet,ATermBaseVisitor,main/data/dataset/openllet-ATermBaseVisitor.java,Visitor
openllet,ATermVisitor,main/data/dataset/openllet-ATermVisitor.java,Visitor
openllet,AtomObjectVisitor,main/data/dataset/openllet-AtomObjectVisitor.java,Visitor
openllet,RuleAtomVisitor,main/data/dataset/openllet-RuleAtomVisitor.java,Visitor
openllet,NumberToLiteralVisitor,main/data/dataset/openllet-NumberToLiteralVisitor.java,Visitor
richfaces-cdk,TemplateVisitor,main/data/dataset/richfaces-cdk-TemplateVisitor.java,Visitor
richfaces-cdk,ELVisitor,main/data/dataset/richfaces-cdk-ELVisitor.java,Visitor
richfaces-cdk,RendererClassVisitor,main/data/dataset/richfaces-cdk-RendererClassVisitor.java,Visitor
richfaces-cdk,TagHandlerGeneratorVisitor,main/data/dataset/richfaces-cdk-TagHandlerGeneratorVisitor.java,Visitor
richfaces-cdk,TaglibGeneratorVisitor,main/data/dataset/richfaces-cdk-TaglibGeneratorVisitor.java,Visitor
richfaces-cdk,EmptyAnnotationValueVisitor,main/data/dataset/richfaces-cdk-EmptyAnnotationValueVisitor.java,Visitor
spring-migration-analyzer,EjbDetectingClassVisitor,main/data/dataset/spring-migration-analyzer-EjbDetectingClassVisitor.java,Visitor
spring-migration-analyzer,ApiUsageDetectingAsmVisitor,main/data/dataset/spring-migration-analyzer-ApiUsageDetectingAsmVisitor.java,Visitor
spring-migration-analyzer,DelegatingClassVisitor,main/data/dataset/spring-migration-analyzer-DelegatingClassVisitor.java,Visitor
spring-migration-analyzer,DelegatingMethodVisitor,main/data/dataset/spring-migration-analyzer-DelegatingMethodVisitor.java,Visitor
spring-migration-analyzer,DelegatingAnnotationVisitor,main/data/dataset/spring-migration-analyzer-DelegatingAnnotationVisitor.java,Visitor
spring-migration-analyzer,DelegatingFieldVisitor,main/data/dataset/spring-migration-analyzer-DelegatingFieldVisitor.java,Visitor
sslr,AstAndTokenVisitor,main/data/dataset/sslr-AstAndTokenVisitor.java,Visitor
sslr,AstVisitor,main/data/dataset/sslr-AstVisitor.java,Visitor
TwelveMonkeys,Visitor,main/data/dataset/TwelveMonkeys-Visitor.java,Visitor
wayback,ParseEventDelegatorVisitor,main/data/dataset/wayback-ParseEventDelegatorVisitor.java,Visitor
wayback,ReplayParseEventDelegatorVisitor,main/data/dataset/wayback-ReplayParseEventDelegatorVisitor.java,Visitor
Android-RTMP,FFMPEGWrapper,main/data/dataset/Android-RTMP-FFMPEGWrapper.java,Wrapper
android-thaiime,AbstractCompatWrapper,main/data/dataset/android-thaiime-AbstractCompatWrapper.java,Wrapper
android-thaiime,InputMethodManagerCompatWrapper,main/data/dataset/android-thaiime-InputMethodManagerCompatWrapper.java,Wrapper
android-thaiime,InputMethodServiceCompatWrapper,main/data/dataset/android-thaiime-InputMethodServiceCompatWrapper.java,Wrapper
android-thaiime,StaticInnerHandlerWrapper,main/data/dataset/android-thaiime-StaticInnerHandlerWrapper.java,Wrapper
android-thaiime,InputMethodInfoCompatWrapper,main/data/dataset/android-thaiime-InputMethodInfoCompatWrapper.java,Wrapper
android-thaiime,InputMethodSubtypeCompatWrapper,main/data/dataset/android-thaiime-InputMethodSubtypeCompatWrapper.java,Wrapper
android-thaiime,AudioManagerCompatWrapper,main/data/dataset/android-thaiime-AudioManagerCompatWrapper.java,Wrapper
android-thaiime,VibratorCompatWrapper,main/data/dataset/android-thaiime-VibratorCompatWrapper.java,Wrapper
android-thaiime,AccessibilityManagerCompatWrapper,main/data/dataset/android-thaiime-AccessibilityManagerCompatWrapper.java,Wrapper
ant,ReflectWrapper,main/data/dataset/ant-ReflectWrapper.java,Wrapper
ant,LazyResourceCollectionWrapper,main/data/dataset/ant-LazyResourceCollectionWrapper.java,Wrapper
ant,BaseResourceCollectionWrapper,main/data/dataset/ant-BaseResourceCollectionWrapper.java,Wrapper
ant,AbstractResourceCollectionWrapper,main/data/dataset/ant-AbstractResourceCollectionWrapper.java,Wrapper
biojava-legacy,AbstractWrapper,main/data/dataset/biojava-legacy-AbstractWrapper.java,Wrapper
cdo,CDOLegacyWrapper,main/data/dataset/cdo-CDOLegacyWrapper.java,Wrapper
cdo,CDOObjectWrapper,main/data/dataset/cdo-CDOObjectWrapper.java,Wrapper
cdo,DelegatingStreamWrapper,main/data/dataset/cdo-DelegatingStreamWrapper.java,Wrapper
cdo,GZIPStreamWrapper,main/data/dataset/cdo-GZIPStreamWrapper.java,Wrapper
cdt,ParserLogServiceWrapper,main/data/dataset/cdt-ParserLogServiceWrapper.java,Wrapper
cdt,ErrorParserNamedWrapper,main/data/dataset/cdt-ErrorParserNamedWrapper.java,Wrapper
cdt,ContentLabelProviderWrapper,main/data/dataset/cdt-ContentLabelProviderWrapper.java,Wrapper
cdt,ProcessWrapper,main/data/dataset/cdt-ProcessWrapper.java,Wrapper
ChenSun,WrapperBase,main/data/dataset/ChenSun-WrapperBase.java,Wrapper
ChenSun,CallableStatementWrapper,main/data/dataset/ChenSun-CallableStatementWrapper.java,Wrapper
ChenSun,ConnectionWrapper,main/data/dataset/ChenSun-ConnectionWrapper.java,Wrapper
ChenSun,JDBC4CallableStatementWrapper,main/data/dataset/ChenSun-JDBC4CallableStatementWrapper.java,Wrapper
ChenSun,JDBC4ConnectionWrapper,main/data/dataset/ChenSun-JDBC4ConnectionWrapper.java,Wrapper
ChenSun,JDBC4PreparedStatementWrapper,main/data/dataset/ChenSun-JDBC4PreparedStatementWrapper.java,Wrapper
ChenSun,JDBC4StatementWrapper,main/data/dataset/ChenSun-JDBC4StatementWrapper.java,Wrapper
ChenSun,PreparedStatementWrapper,main/data/dataset/ChenSun-PreparedStatementWrapper.java,Wrapper
ChenSun,StatementWrapper,main/data/dataset/ChenSun-StatementWrapper.java,Wrapper
ChenSun,NoSubInterceptorWrapper,main/data/dataset/ChenSun-NoSubInterceptorWrapper.java,Wrapper
ChenSun,SocialNetworkAdmin,main/data/dataset/ChenSun-SocialNetworkAdmin.java,Wrapper
ChenSun,SocialNetworkBoards,main/data/dataset/ChenSun-SocialNetworkBoards.java,Wrapper
ChenSun,SocialNetworkPosts,main/data/dataset/ChenSun-SocialNetworkPosts.java,Wrapper
DojoServerFaces,WebDriverWrapper,main/data/dataset/DojoServerFaces-WebDriverWrapper.java,Wrapper
Emma,TimedSocketWrapper,main/data/dataset/Emma-TimedSocketWrapper.java,Wrapper
Emma,AnnotationBenchmarkWrapper,main/data/dataset/Emma-AnnotationBenchmarkWrapper.java,Wrapper
Emma,ServiceWrapper,main/data/dataset/Emma-ServiceWrapper.java,Wrapper
faban,TimedSocketWrapper,main/data/dataset/faban-TimedSocketWrapper.java,Wrapper
faban,AnnotationBenchmarkWrapper,main/data/dataset/faban-AnnotationBenchmarkWrapper.java,Wrapper
faban,ServiceWrapper,main/data/dataset/faban-ServiceWrapper.java,Wrapper
gansenbang,PrototypeWrapper,main/data/dataset/gansenbang-PrototypeWrapper.java,Wrapper
james,MimeMessageWrapper,main/data/dataset/james-MimeMessageWrapper.java,Wrapper
jbehave-core,UUIDExceptionWrapper,main/data/dataset/jbehave-core-UUIDExceptionWrapper.java,Wrapper
liferay-portal,LayoutSetPrototypeWrapper,main/data/dataset/liferay-portal-LayoutSetPrototypeWrapper.java,Wrapper
liferay-portal,LayoutPrototypeWrapper,main/data/dataset/liferay-portal-LayoutPrototypeWrapper.java,Wrapper
liferay-portal,LayoutPrototypeLocalServiceWrapper,main/data/dataset/liferay-portal-LayoutPrototypeLocalServiceWrapper.java,Wrapper
molgenis_apps-legacy,HtmlFormWrapper,main/data/dataset/molgenis_apps-legacy-HtmlFormWrapper.java,Wrapper
pcgen-svn,MessageWrapper,main/data/dataset/pcgen-svn-MessageWrapper.java,Wrapper
platform_external_apache-http,HttpEntityWrapper,main/data/dataset/platform_external_apache-http-HttpEntityWrapper.java,Wrapper
richfaces-cdk,JavaClassModelWrapper,main/data/dataset/richfaces-cdk-JavaClassModelWrapper.java,Wrapper
richfaces-cdk,LibraryCompilerWrapper,main/data/dataset/richfaces-cdk-LibraryCompilerWrapper.java,Wrapper
s4,PrototypeWrapper,main/data/dataset/s4-PrototypeWrapper.java,Wrapper
teiid-designer,AbstractFontWrapper,main/data/dataset/teiid-designer-AbstractFontWrapper.java,Wrapper
teiid-designer,ActionWrapper,main/data/dataset/teiid-designer-ActionWrapper.java,Wrapper
wayback,StringHttpServletResponseWrapper,main/data/dataset/wayback-StringHttpServletResponseWrapper.java,Wrapper
wonder,ERMODRequiredWrapper,main/data/dataset/wonder-ERMODRequiredWrapper.java,Wrapper
JRefactory-v2.6.24,SaveAdapter,main/data/dataset/JRefactory-v2.6.24-SaveAdapter.java,Adapter
JRefactory-v2.6.24,RefactoringAdapter,main/data/dataset/JRefactory-v2.6.24-RefactoringAdapter.java,Adapter
richfaces-cdk,FacesConfigAdapter,main/data/dataset/richfaces-cdk-FacesConfigAdapter.java,Adapter
basiclti-portlet,WikispacesAdapter,main/data/dataset/basiclti-portlet-WikispacesAdapter.java,Adapter
ccw,BreakpointAdapterFactory,main/data/dataset/ccw-BreakpointAdapterFactory.java,Adapter
cdt,ProjectIndexerInputAdapter,main/data/dataset/cdt-ProjectIndexerInputAdapter.java,Adapter
QuickUML-2001,ClassBuilder,main/data/dataset/QuickUML-2001-ClassBuilder.java,Builder
QuickUML-2001,AssociationBuilder,main/data/dataset/QuickUML-2001-AssociationBuilder.java,Builder
openllet,OntBuilder,main/data/dataset/openllet-OntBuilder.java,Builder
pcgen-svn,TermEvaluatorBuilder,main/data/dataset/pcgen-svn-TermEvaluatorBuilder.java,Builder
jbehave-core,SpringStoryReporterBuilderBehaviour,main/data/dataset/jbehave-core-SpringStoryReporterBuilderBehaviour.java,Builder
jbehave-core,WeldAnnotationBuilder,main/data/dataset/jbehave-core-WeldAnnotationBuilder.java,Builder
fafdtibb,FatNodeBuilderFactory,main/data/dataset/fafdtibb-FatNodeBuilderFactory.java,Builder
molgenis_apps-legacy,IdentifiableDecorator,main/data/dataset/molgenis_apps-legacy-IdentifiableDecorator.java,Decorator
magic-config,SingleTagDecorator,main/data/dataset/magic-config-SingleTagDecorator.java,Decorator
cdt,ProblemsLabelDecorator,main/data/dataset/cdt-ProblemsLabelDecorator.java,Decorator
cdt,CElementDecorator,main/data/dataset/cdt-CElementDecorator.java,Decorator
freemind,ReducedAttributeTableModelDecorator,main/data/dataset/freemind-ReducedAttributeTableModelDecorator.java,Decorator
fuzzydb,IDecorator,main/data/dataset/fuzzydb-IDecorator.java,Decorator
pcgen-svn,LanguageChooserFacadeImpl,main/data/dataset/pcgen-svn-LanguageChooserFacadeImpl.java,Facade
pcgen-svn,CharacterFacadeImpl,main/data/dataset/pcgen-svn-CharacterFacadeImpl.java,Facade
pcgen-svn,PartyFacadeImpl,main/data/dataset/pcgen-svn-PartyFacadeImpl.java,Facade
infinitest,ProjectFacade,main/data/dataset/infinitest-ProjectFacade.java,Facade
infinitest,WorkspaceFacade,main/data/dataset/infinitest-WorkspaceFacade.java,Facade
orion.server,ResourceShapeFactory,main/data/dataset/orion.server-ResourceShapeFactory.java,Factory
pcgen-svn,FormulaFactory,main/data/dataset/pcgen-svn-FormulaFactory.java,Factory
pcgen-svn,LevelCommandFactory,main/data/dataset/pcgen-svn-LevelCommandFactory.java,Factory
pcgen-svn,CDOMFactory,main/data/dataset/pcgen-svn-CDOMFactory.java,Factory
jbehave-core,SpringStepsFactory,main/data/dataset/jbehave-core-SpringStepsFactory.java,Factory
ChenSun,ProfilerEventHandlerFactory,main/data/dataset/ChenSun-ProfilerEventHandlerFactory.java,Factory
ChenSun,SocketFactory,main/data/dataset/ChenSun-SocketFactory.java,Factory
Netbeans-v1.0.x,ElementFactory,main/data/dataset/Netbeans-v1.0.x-ElementFactory.java,Factory
LimeWire-Pirate-Edition,LibTorrentBTDownloadMementoImpl,main/data/dataset/LimeWire-Pirate-Edition-LibTorrentBTDownloadMementoImpl.java,Memento
LimeWire-Pirate-Edition,InNetworkDownloadMementoImpl,main/data/dataset/LimeWire-Pirate-Edition-InNetworkDownloadMementoImpl.java,Memento
sherlog,SimpleLogEventFilterMemento,main/data/dataset/sherlog-SimpleLogEventFilterMemento.java,Memento
studio2,XMLMemento,main/data/dataset/studio2-XMLMemento.java,Memento
jbehave-core,SkipBeforeAndAfterScenarioStepsIfGivenStory,main/data/dataset/jbehave-core-SkipBeforeAndAfterScenarioStepsIfGivenStory.java,None
jbehave-core,SkipScenariosAfterFailure,main/data/dataset/jbehave-core-SkipScenariosAfterFailure.java,None
jbehave-core,AnnotatedEmbedderUsingGuice,main/data/dataset/jbehave-core-AnnotatedEmbedderUsingGuice.java,None
jbehave-core,OrganizationSteps,main/data/dataset/jbehave-core-OrganizationSteps.java,None
jbehave-core,ThreadsSteps,main/data/dataset/jbehave-core-ThreadsSteps.java,None
jbehave-core,ThreadsStories,main/data/dataset/jbehave-core-ThreadsStories.java,None
frostwire-desktop,TreeMouseObserver,main/data/dataset/frostwire-desktop-TreeMouseObserver.java,Observer
frostwire-desktop,HeaderMouseObserver,main/data/dataset/frostwire-desktop-HeaderMouseObserver.java,Observer
harmony-classlib,Observable,main/data/dataset/harmony-classlib-Observable.java,Observer
jackrabbit,AccessControlObserver,main/data/dataset/jackrabbit-AccessControlObserver.java,Observer
osate2-core,PrototypeBindingImpl,main/data/dataset/osate2-core-PrototypeBindingImpl.java,Prototype
osate2-core,PrototypeImpl,main/data/dataset/osate2-core-PrototypeImpl.java,Prototype
osate2-core,SubprogramGroupPrototypeImpl,main/data/dataset/osate2-core-SubprogramGroupPrototypeImpl.java,Prototype
osate2-core,SubprogramPrototypeImpl,main/data/dataset/osate2-core-SubprogramPrototypeImpl.java,Prototype
liferay-portal,LayoutSetPrototypeWrapper,main/data/dataset/liferay-portal-LayoutSetPrototypeWrapper.java,Prototype
liferay-portal,LayoutPrototypeWrapper,main/data/dataset/liferay-portal-LayoutPrototypeWrapper.java,Prototype
harmony-classlib,ProxySelector,main/data/dataset/harmony-classlib-ProxySelector.java,Proxy
harmony-classlib,ProxySelectorImpl,main/data/dataset/harmony-classlib-ProxySelectorImpl.java,Proxy
cdt,PathEntryStoreProxy,main/data/dataset/cdt-PathEntryStoreProxy.java,Proxy
cdt,CDataProxyContainer,main/data/dataset/cdt-CDataProxyContainer.java,Proxy
kodejava,Singleton,main/data/dataset/kodejava-Singleton.java,Singleton
LimeWire-Pirate-Edition,AbstractLazySingletonProvider,main/data/dataset/LimeWire-Pirate-Edition-AbstractLazySingletonProvider.java,Singleton
lyo.rio,ServiceProviderSingleton,main/data/dataset/lyo.rio-ServiceProviderSingleton.java,Singleton
openejb,ThreadSingletonService,main/data/dataset/openejb-ThreadSingletonService.java,Singleton
openejb,ThreadSingletonServiceImpl,main/data/dataset/openejb-ThreadSingletonServiceImpl.java,Singleton
openllet,NumericVisitor,main/data/dataset/openllet-NumericVisitor.java,Visitor
openllet,FunctionApplicationVisitor,main/data/dataset/openllet-FunctionApplicationVisitor.java,Visitor
cxf,ConstrTypeSpecVisitor,main/data/dataset/cxf-ConstrTypeSpecVisitor.java,Visitor
cxf,ParamDclVisitor,main/data/dataset/cxf-ParamDclVisitor.java,Visitor
cxf,TypesVisitor,main/data/dataset/cxf-TypesVisitor.java,Visitor
cxf,SimpleTypeSpecVisitor,main/data/dataset/cxf-SimpleTypeSpecVisitor.java,Visitor
ChenSun,SocialNetworkRegions,main/data/dataset/ChenSun-SocialNetworkRegions.java,Wrapper
cdt,StackTraceWrapper,main/data/dataset/cdt-StackTraceWrapper.java,Wrapper
platform_external_apache-http,EntityEnclosingRequestWrapper,main/data/dataset/platform_external_apache-http-EntityEnclosingRequestWrapper.java,Wrapper
platform_external_apache-http,RequestWrapper,main/data/dataset/platform_external_apache-http-RequestWrapper.java,Wrapper
platform_frameworks_base,MutableContextWrapper,main/data/dataset/platform_frameworks_base-MutableContextWrapper.java,Wrapper
richfaces-cdk,LibraryModelWrapper,main/data/dataset/richfaces-cdk-LibraryModelWrapper.java,Wrapper